brand,title,price,mrp,discount_pct,rating,review_count,product_url,asin
American Tourister,DELSEY PARIS,5799.0,18500.0,69.0,3.8,159,https://www.amazon.in/sspa/click?ie=UTF8&spc=MTo1MjgxODAwMTU3ODg0NTA5OjE3NzQ0ODkyMjU6c3BfYXRmOjIwMDUzNjEzMTI3ODk4OjowOjo&url=%2FDELSEY-PARIS-Polyester-Soft-Sided-Blue-Grey%2Fdp%2FB0B1C2HFN5%2Fref%3Dsr_1_1_sspa%3Fdib%3DeyJ2IjoiMSJ9.VjbPBLwrLs9-mcFi-BAL_gbeQFR1bEbAkldQ6LPPXXmlwXt_TJTb740M7SSBO3mL466Tzf3-lDAxCwY5WLWi2bS7ENQSyw3eyU4EBHdWCdiLrkBJMYqMtzMb4DmjASjkEvm1zzMuKRiMwcq8WhvBzon-ICps-XurFkV9CtbA4TJJAozmTJXb6bChwpI62BAy_Gco47fVgwHXjwej93bfdRF7B_y2XrbYkxpNQs7-Arq9U-hSWxNXZXS6t3Ezmd1dSc5JWa3YzEL9bXayapzQFlpfnq-DGWobaMOpu3Zvo3M.sSi78lmKopDb-YQqbyMf4AbjkVscJxSRQj99tXw7mZI%26dib_tag%3Dse%26keywords%3DAmerican%2BTourister%2Bluggage%26qid%3D1774489225%26sr%3D8-1-spons%26aref%3DTx8LtYY2HN%26sp_csd%3Dd2lkZ2V0TmFtZT1zcF9hdGY%26psc%3D1&aref=Tx8LtYY2HN&sp_cr=ZAZ,B0B1C2HFN5
American Tourister,Safari,2099.0,7800.0,73.0,4.0,27,https://www.amazon.in/sspa/click?ie=UTF8&spc=MTo1MjgxODAwMTU3ODg0NTA5OjE3NzQ0ODkyMjU6c3BfYXRmOjMwMDc1MTYzMjkxNjMzMjo6MDo6&url=%2FSafari-Polycarbonate-Spinner-Wheeling-Suitcase%2Fdp%2FB097BH9MD5%2Fref%3Dsr_1_2_sspa%3Fdib%3DeyJ2IjoiMSJ9.VjbPBLwrLs9-mcFi-BAL_gbeQFR1bEbAkldQ6LPPXXmlwXt_TJTb740M7SSBO3mL466Tzf3-lDAxCwY5WLWi2bS7ENQSyw3eyU4EBHdWCdiLrkBJMYqMtzMb4DmjASjkEvm1zzMuKRiMwcq8WhvBzon-ICps-XurFkV9CtbA4TJJAozmTJXb6bChwpI62BAy_Gco47fVgwHXjwej93bfdRF7B_y2XrbYkxpNQs7-Arq9U-hSWxNXZXS6t3Ezmd1dSc5JWa3YzEL9bXayapzQFlpfnq-DGWobaMOpu3Zvo3M.sSi78lmKopDb-YQqbyMf4AbjkVscJxSRQj99tXw7mZI%26dib_tag%3Dse%26keywords%3DAmerican%2BTourister%2Bluggage%26qid%3D1774489225%26sr%3D8-2-spons%26aref%3D5AD7uBNcIV%26sp_csd%3Dd2lkZ2V0TmFtZT1zcF9hdGY%26psc%3D1&aref=5AD7uBNcIV&sp_cr=ZAZ,B097BH9MD5
American Tourister,American Tourister,4299.0,9000.0,52.0,4.1,2,https://www.amazon.in/sspa/click?ie=UTF8&spc=MTo1MjgxODAwMTU3ODg0NTA5OjE3NzQ0ODkyMjU6c3BfYXRmOjMwMDYyMjk0OTQwMTgzMjo6MDo6&url=%2FAmerican-Tourister-Liftoff-Compartment-Polypropylene%2Fdp%2FB0FGNDM616%2Fref%3Dsr_1_3_sspa%3Fdib%3DeyJ2IjoiMSJ9.VjbPBLwrLs9-mcFi-BAL_gbeQFR1bEbAkldQ6LPPXXmlwXt_TJTb740M7SSBO3mL466Tzf3-lDAxCwY5WLWi2bS7ENQSyw3eyU4EBHdWCdiLrkBJMYqMtzMb4DmjASjkEvm1zzMuKRiMwcq8WhvBzon-ICps-XurFkV9CtbA4TJJAozmTJXb6bChwpI62BAy_Gco47fVgwHXjwej93bfdRF7B_y2XrbYkxpNQs7-Arq9U-hSWxNXZXS6t3Ezmd1dSc5JWa3YzEL9bXayapzQFlpfnq-DGWobaMOpu3Zvo3M.sSi78lmKopDb-YQqbyMf4AbjkVscJxSRQj99tXw7mZI%26dib_tag%3Dse%26keywords%3DAmerican%2BTourister%2Bluggage%26qid%3D1774489225%26sr%3D8-3-spons%26aref%3DI18nxYZs0J%26sp_csd%3Dd2lkZ2V0TmFtZT1zcF9hdGY%26psc%3D1&aref=I18nxYZs0J&sp_cr=ZAZ,B0FGNDM616
American Tourister,Urban Jungle,6895.0,9465.0,27.0,4.3,399,https://www.amazon.in/sspa/click?ie=UTF8&spc=MTo1MjgxODAwMTU3ODg0NTA5OjE3NzQ0ODkyMjU6c3BfYXRmOjMwMDc5MDEzODIwNDUzMjo6MDo6&url=%2FUrban-Jungle-Hardside-Polycarbonate-Travelling%2Fdp%2FB0D798B8JX%2Fref%3Dsr_1_4_sspa%3Fdib%3DeyJ2IjoiMSJ9.VjbPBLwrLs9-mcFi-BAL_gbeQFR1bEbAkldQ6LPPXXmlwXt_TJTb740M7SSBO3mL466Tzf3-lDAxCwY5WLWi2bS7ENQSyw3eyU4EBHdWCdiLrkBJMYqMtzMb4DmjASjkEvm1zzMuKRiMwcq8WhvBzon-ICps-XurFkV9CtbA4TJJAozmTJXb6bChwpI62BAy_Gco47fVgwHXjwej93bfdRF7B_y2XrbYkxpNQs7-Arq9U-hSWxNXZXS6t3Ezmd1dSc5JWa3YzEL9bXayapzQFlpfnq-DGWobaMOpu3Zvo3M.sSi78lmKopDb-YQqbyMf4AbjkVscJxSRQj99tXw7mZI%26dib_tag%3Dse%26keywords%3DAmerican%2BTourister%2Bluggage%26qid%3D1774489225%26sr%3D8-4-spons%26aref%3DMDEMvQElyV%26sp_csd%3Dd2lkZ2V0TmFtZT1zcF9hdGY%26psc%3D1&aref=MDEMvQElyV&sp_cr=ZAZ,B0D798B8JX
American Tourister,American Tourister,2549.0,7900.0,68.0,4.2,19,https://www.amazon.in/American-Tourister-Polypropylene-Hardside-Recessed/dp/B0FHL163GQ/ref=sr_1_5?dib=eyJ2IjoiMSJ9.VjbPBLwrLs9-mcFi-BAL_gbeQFR1bEbAkldQ6LPPXXmlwXt_TJTb740M7SSBO3mL466Tzf3-lDAxCwY5WLWi2bS7ENQSyw3eyU4EBHdWCdiLrkBJMYqMtzMb4DmjASjkEvm1zzMuKRiMwcq8WhvBzon-ICps-XurFkV9CtbA4TJJAozmTJXb6bChwpI62BAy_Gco47fVgwHXjwej93bfdRF7B_y2XrbYkxpNQs7-Arq9U-hSWxNXZXS6t3Ezmd1dSc5JWa3YzEL9bXayapzQFlpfnq-DGWobaMOpu3Zvo3M.sSi78lmKopDb-YQqbyMf4AbjkVscJxSRQj99tXw7mZI&dib_tag=se&keywords=American+Tourister+luggage&qid=1774489225&sr=8-5,B0FHL163GQ
American Tourister,American Tourister,2549.0,8490.0,70.0,4.3,570,https://www.amazon.in/AMERICAN-TOURISTER-AMT-68cm-Polypropylene/dp/B09RPLYFXJ/ref=sr_1_6?dib=eyJ2IjoiMSJ9.VjbPBLwrLs9-mcFi-BAL_gbeQFR1bEbAkldQ6LPPXXmlwXt_TJTb740M7SSBO3mL466Tzf3-lDAxCwY5WLWi2bS7ENQSyw3eyU4EBHdWCdiLrkBJMYqMtzMb4DmjASjkEvm1zzMuKRiMwcq8WhvBzon-ICps-XurFkV9CtbA4TJJAozmTJXb6bChwpI62BAy_Gco47fVgwHXjwej93bfdRF7B_y2XrbYkxpNQs7-Arq9U-hSWxNXZXS6t3Ezmd1dSc5JWa3YzEL9bXayapzQFlpfnq-DGWobaMOpu3Zvo3M.sSi78lmKopDb-YQqbyMf4AbjkVscJxSRQj99tXw7mZI&dib_tag=se&keywords=American+Tourister+luggage&qid=1774489225&sr=8-6,B09RPLYFXJ
American Tourister,American Tourister,3099.0,7500.0,59.0,4.1,2,https://www.amazon.in/American-Tourister-Liftoff-Suitcase-Trolley/dp/B0F5HGLC5Q/ref=sr_1_7?dib=eyJ2IjoiMSJ9.VjbPBLwrLs9-mcFi-BAL_gbeQFR1bEbAkldQ6LPPXXmlwXt_TJTb740M7SSBO3mL466Tzf3-lDAxCwY5WLWi2bS7ENQSyw3eyU4EBHdWCdiLrkBJMYqMtzMb4DmjASjkEvm1zzMuKRiMwcq8WhvBzon-ICps-XurFkV9CtbA4TJJAozmTJXb6bChwpI62BAy_Gco47fVgwHXjwej93bfdRF7B_y2XrbYkxpNQs7-Arq9U-hSWxNXZXS6t3Ezmd1dSc5JWa3YzEL9bXayapzQFlpfnq-DGWobaMOpu3Zvo3M.sSi78lmKopDb-YQqbyMf4AbjkVscJxSRQj99tXw7mZI&dib_tag=se&keywords=American+Tourister+luggage&qid=1774489225&sr=8-7,B0F5HGLC5Q
American Tourister,Safari,7499.0,29100.0,74.0,4.0,27,https://www.amazon.in/sspa/click?ie=UTF8&spc=MTo0OTYzODExMzA1MDAwNjM6MTc3NDQ4OTIyNTpzcF9zZWFyY2hfdGhlbWF0aWM6MzAwNzUxNjMyOTE2ODMyOjowOjo&url=%2FSafari-Polycarbonate-Hardside-Suitcase-CODE-PLUS-73-Purple-4WH%2Fdp%2FB00SWV4NCU%2Fref%3Dsxin_14_pa_sp_search_thematic_sspa%3Fcontent-id%3Damzn1.sym.76a1f397-3be8-48c6-95f3-640bcc2e7bf1%253Aamzn1.sym.76a1f397-3be8-48c6-95f3-640bcc2e7bf1%26cv_ct_cx%3DAmerican%2BTourister%2Bluggage%26keywords%3DAmerican%2BTourister%2Bluggage%26pd_rd_i%3DB00SWV4NCU%26pd_rd_r%3D6fbf8f22-5333-4464-88d4-888a3b08d69a%26pd_rd_w%3DNbvD8%26pd_rd_wg%3DcyC5K%26pf_rd_p%3D76a1f397-3be8-48c6-95f3-640bcc2e7bf1%26pf_rd_r%3DFM4ZZ3A15DS0S5AG1NKN%26qid%3D1774489225%26sbo%3DRZvfv%252F%252FHxDF%252BO5021pAnSA%253D%253D%26sr%3D1-1-ced4eeeb-b190-41d6-902a-1ecb3fb8b7c4-spons%26aref%3DvrDAWdMOB0%26sp_csd%3Dd2lkZ2V0TmFtZT1zcF9zZWFyY2hfdGhlbWF0aWM%26psc%3D1&aref=vrDAWdMOB0&sp_cr=ZAZ,B00SWV4NCU
American Tourister,uppercase,4500.0,6000.0,25.0,4.3,846,https://www.amazon.in/sspa/click?ie=UTF8&spc=MTo0OTYzODExMzA1MDAwNjM6MTc3NDQ4OTIyNTpzcF9zZWFyY2hfdGhlbWF0aWM6MzAwOTgwOTI3NzU4NTMyOjoxOjo&url=%2Fuppercase-Hardsided-Anti-Scratch-Anti-Theft-Suitcase%2Fdp%2FB0DCVZSTLB%2Fref%3Dsxin_14_pa_sp_search_thematic_sspa%3Fcontent-id%3Damzn1.sym.76a1f397-3be8-48c6-95f3-640bcc2e7bf1%253Aamzn1.sym.76a1f397-3be8-48c6-95f3-640bcc2e7bf1%26cv_ct_cx%3DAmerican%2BTourister%2Bluggage%26keywords%3DAmerican%2BTourister%2Bluggage%26pd_rd_i%3DB0DCVZSTLB%26pd_rd_r%3D6fbf8f22-5333-4464-88d4-888a3b08d69a%26pd_rd_w%3DNbvD8%26pd_rd_wg%3DcyC5K%26pf_rd_p%3D76a1f397-3be8-48c6-95f3-640bcc2e7bf1%26pf_rd_r%3DFM4ZZ3A15DS0S5AG1NKN%26qid%3D1774489225%26sbo%3DRZvfv%252F%252FHxDF%252BO5021pAnSA%253D%253D%26sr%3D1-2-ced4eeeb-b190-41d6-902a-1ecb3fb8b7c4-spons%26aref%3DrBwUxvnUaY%26sp_csd%3Dd2lkZ2V0TmFtZT1zcF9zZWFyY2hfdGhlbWF0aWM%26psc%3D1&aref=rBwUxvnUaY&sp_cr=ZAZ,B0DCVZSTLB
American Tourister,Safari,3599.0,15999.0,78.0,4.0,15,https://www.amazon.in/sspa/click?ie=UTF8&spc=MTo0OTYzODExMzA1MDAwNjM6MTc3NDQ4OTIyNTpzcF9zZWFyY2hfdGhlbWF0aWM6MzAwNTI1NTAzODE5MzMyOjoyOjo&url=%2FSafari-Polycarbonate-Organized-Interior-Suitcase%2Fdp%2FB097B4JTKH%2Fref%3Dsxin_14_pa_sp_search_thematic_sspa%3Fcontent-id%3Damzn1.sym.76a1f397-3be8-48c6-95f3-640bcc2e7bf1%253Aamzn1.sym.76a1f397-3be8-48c6-95f3-640bcc2e7bf1%26cv_ct_cx%3DAmerican%2BTourister%2Bluggage%26keywords%3DAmerican%2BTourister%2Bluggage%26pd_rd_i%3DB097B4JTKH%26pd_rd_r%3D6fbf8f22-5333-4464-88d4-888a3b08d69a%26pd_rd_w%3DNbvD8%26pd_rd_wg%3DcyC5K%26pf_rd_p%3D76a1f397-3be8-48c6-95f3-640bcc2e7bf1%26pf_rd_r%3DFM4ZZ3A15DS0S5AG1NKN%26qid%3D1774489225%26sbo%3DRZvfv%252F%252FHxDF%252BO5021pAnSA%253D%253D%26sr%3D1-3-ced4eeeb-b190-41d6-902a-1ecb3fb8b7c4-spons%26aref%3Dbc21KKV8Zo%26sp_csd%3Dd2lkZ2V0TmFtZT1zcF9zZWFyY2hfdGhlbWF0aWM%26psc%3D1&aref=bc21KKV8Zo&sp_cr=ZAZ,B097B4JTKH
Nasher Miles,Nasher Miles,3399.0,11995.0,72.0,4.0,25,https://www.amazon.in/sspa/click?ie=UTF8&spc=MToyMjUzMjM2Njg0MzkxMDUwOjE3NzQ0ODk0NzY6c3BfYXRmOjMwMDM0NjkwMjE5NjkzMjo6MDo6&url=%2FNasher-Miles-Anti-Theft-Hard-Sided-Polypropylene%2Fdp%2FB0DGGTDQT6%2Fref%3Dsr_1_1_sspa%3Fdib%3DeyJ2IjoiMSJ9.oE_4SO2MuwdKUl-MwFUlci1WYRApZkfOVWnY1yJCpRecNyJ1kCWs3oVrMTBp6-fp2pmsqXVgP56EAg14zVD9B0ACi5QIUdZ3Uuxh6Tj0oVSnHHKDY3hhj8ya8SsPTrtLFSrJkGLnQiFFYwDYIRF2JE_S8OUg2uBRmr7_LhfjTELGL2PMaQEjzpQAWGTN1ybaJuYvGGDZ5fM-iT3VGY0g8owWhBTIDFGNff8zi4U-AsHv7VHZa447v8tcXsW4AtWMuJeqK4DWJ2-wp5pLeu6jcDGVqV0y9yQcEZFoaeFbEug.oEYvDBJdQbh3pSGS4ZJR96u_gPkMIrrTTeaqCqd7jzI%26dib_tag%3Dse%26keywords%3DNasher%2BMiles%2Bluggage%26qid%3D1774489476%26sr%3D8-1-spons%26aref%3DFypnHGCMWO%26sp_csd%3Dd2lkZ2V0TmFtZT1zcF9hdGY%26psc%3D1&aref=FypnHGCMWO&sp_cr=ZAZ,B0DGGTDQT6
Nasher Miles,DELSEY PARIS,5799.0,18500.0,69.0,3.8,159,https://www.amazon.in/sspa/click?ie=UTF8&spc=MToyMjUzMjM2Njg0MzkxMDUwOjE3NzQ0ODk0NzY6c3BfYXRmOjIwMDUzNjEzMTI3ODk4OjowOjo&url=%2FDELSEY-PARIS-Polyester-Soft-Sided-Blue-Grey%2Fdp%2FB0B1C2HFN5%2Fref%3Dsr_1_2_sspa%3Fdib%3DeyJ2IjoiMSJ9.oE_4SO2MuwdKUl-MwFUlci1WYRApZkfOVWnY1yJCpRecNyJ1kCWs3oVrMTBp6-fp2pmsqXVgP56EAg14zVD9B0ACi5QIUdZ3Uuxh6Tj0oVSnHHKDY3hhj8ya8SsPTrtLFSrJkGLnQiFFYwDYIRF2JE_S8OUg2uBRmr7_LhfjTELGL2PMaQEjzpQAWGTN1ybaJuYvGGDZ5fM-iT3VGY0g8owWhBTIDFGNff8zi4U-AsHv7VHZa447v8tcXsW4AtWMuJeqK4DWJ2-wp5pLeu6jcDGVqV0y9yQcEZFoaeFbEug.oEYvDBJdQbh3pSGS4ZJR96u_gPkMIrrTTeaqCqd7jzI%26dib_tag%3Dse%26keywords%3DNasher%2BMiles%2Bluggage%26qid%3D1774489476%26sr%3D8-2-spons%26aref%3DTx8LtYY2HN%26sp_csd%3Dd2lkZ2V0TmFtZT1zcF9hdGY%26psc%3D1&aref=Tx8LtYY2HN&sp_cr=ZAZ,B0B1C2HFN5
Nasher Miles,Nasher Miles,3429.0,17995.0,81.0,4.2,1,https://www.amazon.in/sspa/click?ie=UTF8&spc=MToyMjUzMjM2Njg0MzkxMDUwOjE3NzQ0ODk0NzY6c3BfYXRmOjMwMDA0NzQwOTI0OTMzMjo6MDo6&url=%2FNasher-Miles-Paris-Dark-Green%2Fdp%2FB09G6ZFJPX%2Fref%3Dsr_1_3_sspa%3Fdib%3DeyJ2IjoiMSJ9.oE_4SO2MuwdKUl-MwFUlci1WYRApZkfOVWnY1yJCpRecNyJ1kCWs3oVrMTBp6-fp2pmsqXVgP56EAg14zVD9B0ACi5QIUdZ3Uuxh6Tj0oVSnHHKDY3hhj8ya8SsPTrtLFSrJkGLnQiFFYwDYIRF2JE_S8OUg2uBRmr7_LhfjTELGL2PMaQEjzpQAWGTN1ybaJuYvGGDZ5fM-iT3VGY0g8owWhBTIDFGNff8zi4U-AsHv7VHZa447v8tcXsW4AtWMuJeqK4DWJ2-wp5pLeu6jcDGVqV0y9yQcEZFoaeFbEug.oEYvDBJdQbh3pSGS4ZJR96u_gPkMIrrTTeaqCqd7jzI%26dib_tag%3Dse%26keywords%3DNasher%2BMiles%2Bluggage%26qid%3D1774489476%26sr%3D8-3-spons%26aref%3D3rbeERJDRg%26sp_csd%3Dd2lkZ2V0TmFtZT1zcF9hdGY%26psc%3D1&aref=3rbeERJDRg&sp_cr=ZAZ,B09G6ZFJPX
Nasher Miles,Safari,3099.0,12999.0,76.0,4.0,15,https://www.amazon.in/sspa/click?ie=UTF8&spc=MToyMjUzMjM2Njg0MzkxMDUwOjE3NzQ0ODk0NzY6c3BfYXRmOjMwMDUyNTUwMzgxOTIzMjo6MDo6&url=%2FSafari-Polycarbonate-Organized-Interior-Suitcase%2Fdp%2FB097B45LDH%2Fref%3Dsr_1_4_sspa%3Fdib%3DeyJ2IjoiMSJ9.oE_4SO2MuwdKUl-MwFUlci1WYRApZkfOVWnY1yJCpRecNyJ1kCWs3oVrMTBp6-fp2pmsqXVgP56EAg14zVD9B0ACi5QIUdZ3Uuxh6Tj0oVSnHHKDY3hhj8ya8SsPTrtLFSrJkGLnQiFFYwDYIRF2JE_S8OUg2uBRmr7_LhfjTELGL2PMaQEjzpQAWGTN1ybaJuYvGGDZ5fM-iT3VGY0g8owWhBTIDFGNff8zi4U-AsHv7VHZa447v8tcXsW4AtWMuJeqK4DWJ2-wp5pLeu6jcDGVqV0y9yQcEZFoaeFbEug.oEYvDBJdQbh3pSGS4ZJR96u_gPkMIrrTTeaqCqd7jzI%26dib_tag%3Dse%26keywords%3DNasher%2BMiles%2Bluggage%26qid%3D1774489476%26sr%3D8-4-spons%26aref%3DllwEYTkMHE%26sp_csd%3Dd2lkZ2V0TmFtZT1zcF9hdGY%26psc%3D1&aref=llwEYTkMHE&sp_cr=ZAZ,B097B45LDH
Nasher Miles,Nasher Miles,3229.0,17995.0,82.0,4.2,523,https://www.amazon.in/Nasher-Miles-Hard-Sided-Polypropylene-Luggage/dp/B0CGTXL5V1/ref=sr_1_5?dib=eyJ2IjoiMSJ9.oE_4SO2MuwdKUl-MwFUlci1WYRApZkfOVWnY1yJCpRecNyJ1kCWs3oVrMTBp6-fp2pmsqXVgP56EAg14zVD9B0ACi5QIUdZ3Uuxh6Tj0oVSnHHKDY3hhj8ya8SsPTrtLFSrJkGLnQiFFYwDYIRF2JE_S8OUg2uBRmr7_LhfjTELGL2PMaQEjzpQAWGTN1ybaJuYvGGDZ5fM-iT3VGY0g8owWhBTIDFGNff8zi4U-AsHv7VHZa447v8tcXsW4AtWMuJeqK4DWJ2-wp5pLeu6jcDGVqV0y9yQcEZFoaeFbEug.oEYvDBJdQbh3pSGS4ZJR96u_gPkMIrrTTeaqCqd7jzI&dib_tag=se&keywords=Nasher+Miles+luggage&qid=1774489476&sr=8-5,B0CGTXL5V1
Nasher Miles,Nasher Miles,2598.0,13995.0,81.0,4.2,1,https://www.amazon.in/Nasher-Miles-Hard-Sided-Polypropylene-Luggage/dp/B09G72J5Y6/ref=sr_1_6?dib=eyJ2IjoiMSJ9.oE_4SO2MuwdKUl-MwFUlci1WYRApZkfOVWnY1yJCpRecNyJ1kCWs3oVrMTBp6-fp2pmsqXVgP56EAg14zVD9B0ACi5QIUdZ3Uuxh6Tj0oVSnHHKDY3hhj8ya8SsPTrtLFSrJkGLnQiFFYwDYIRF2JE_S8OUg2uBRmr7_LhfjTELGL2PMaQEjzpQAWGTN1ybaJuYvGGDZ5fM-iT3VGY0g8owWhBTIDFGNff8zi4U-AsHv7VHZa447v8tcXsW4AtWMuJeqK4DWJ2-wp5pLeu6jcDGVqV0y9yQcEZFoaeFbEug.oEYvDBJdQbh3pSGS4ZJR96u_gPkMIrrTTeaqCqd7jzI&dib_tag=se&keywords=Nasher+Miles+luggage&qid=1774489476&sr=8-6,B09G72J5Y6
Nasher Miles,Nasher Miles,2969.0,15995.0,81.0,4.2,1,https://www.amazon.in/Nasher-Miles-Paris-Navy-Blue/dp/B09G71JXVS/ref=sr_1_7?dib=eyJ2IjoiMSJ9.oE_4SO2MuwdKUl-MwFUlci1WYRApZkfOVWnY1yJCpRecNyJ1kCWs3oVrMTBp6-fp2pmsqXVgP56EAg14zVD9B0ACi5QIUdZ3Uuxh6Tj0oVSnHHKDY3hhj8ya8SsPTrtLFSrJkGLnQiFFYwDYIRF2JE_S8OUg2uBRmr7_LhfjTELGL2PMaQEjzpQAWGTN1ybaJuYvGGDZ5fM-iT3VGY0g8owWhBTIDFGNff8zi4U-AsHv7VHZa447v8tcXsW4AtWMuJeqK4DWJ2-wp5pLeu6jcDGVqV0y9yQcEZFoaeFbEug.oEYvDBJdQbh3pSGS4ZJR96u_gPkMIrrTTeaqCqd7jzI&dib_tag=se&keywords=Nasher+Miles+luggage&qid=1774489476&sr=8-7,B09G71JXVS
Nasher Miles,uppercase Polyester Bullet (Medium) 66 Cms|Check-In Inline Trolley Bag|Hardshellsided Luggage Anti-Scratch 8 Wheel Luggage|Tsa Lock&Anti-Theft Zippers|Suitcase For Men&Women (Silver),4500.0,,,4.3,,https://aax-eu-zaz.amazon.in/x/c/JP8dMeePyKlqbSo-GN73q5kAAAGdJ9CeZwoAAAH2AQBvbm9fdHhuX2JpZDIgICBvbm9fdHhuX2ltcDEgICCBVqnz/clv1c_ek-IBPf3LTbbzsYrd54huj4p7bSZmjr7bNAqwIlrlJ-YjcR0RIkNB-tPEW-83IQ0aFRG_0oQBnoa05uE3igBFqS1H1-E-QyQol7_T5I5A3Mul9fLLFnXPYyDoW5pgqIx1WxTD-YnSleyxp-1DVAmbvGjJ3-uo3TooGTwzitqzdCfVUd5XgOu2r4Y5m12-fPfje2DtV1qd7emVNJMgkrNqqIL3fu-BlJeEqaMutleo_yk73C3PJPWcfk2OQ3_aRln58bJwNPzoLZwpMMRa2Jwt0A38SDGHIcMToaOQ7i1TjqkZRypV2zKj5rKXJ8xfRrjj1n5dp67SWdpyiGTsKaAKIQVRlDvsx-MKRWvxclTJHm8mZC08HzQsP638Z770kuDWALJMi8zoLrDNleAgMrSrU8t0NCoJhCjXPAQP54rSs-BbA_b005rTYmOShcBwx4gJljcDH1jIomH5AqFovSmfnjk5o2ocsQFNSOboSz0c4Nv_p0lVzsnikCK-VD6ia53OleV4JFx72VUR7hcPiz1VpliCImS2tYvUGytw_NNa78LkMGXbLVUhv4PNLlMzRz7Dmakgo_mQrMhMXTaMzvjXjo0V5Vd3KlkYqydViGLWqFChUIMijMDS0PAwNFIPKxxEPdu7Et9ioPVEXiEKNRYC_I5122f7WgPrZ1iV-4TGK1uZ0E6ZCrz6ykyGzX1JwK6DG5P2mQ-Y4fPUaofmDb853L-B5JP3hgvQrIihGGp1BkvUZdQEZQ7i_rUdOAixTAqgda91XqO_gKplQCSNt4UCzjoY4OpJIJslQ8Apzx4smQOW-jjhIdK-teCR94TNRxIb8W8OjEHEXkfJL-3MCN0X-Im7Mi_W9VB_CTckG8RMcP4ozDlOqWv-ha9LYxHWt4JqdSIhYUoI2PJfYXhPRL776o7H_BHvEGSyFIh617nF2r3Z7pL_1ZLtnCKZaJB_fv07RixoQ-WLkXmePKvYRyk9ITW63XoDiOqA28araDD-O7-e2VXeAbhiFCTy0fifLUk0hUdDzK1yF-zw_XiulH7VharCr6G6S_X7vQ2e5DdREkwu-ob4NO-0XK4cQ6vwjhlzS5Rxwch0WzOGqATHGvPrKbhisgfvvtAJZS14CEHiBUbR2W2_WXHK9i_hfpE8c2-GuGhUJhuDC75YozbHfXpSIKqr6Vqrxl9fe5_QbDkNG70vVHp7qrRncO-L5VMI2dkDJSFkXlF40rjEmvPnr6DodVo28Lk1oFv_aivCpr3HioxFBNrmqARfINf_uur2xMjQEsr78cdxR7AT68JzWVMw6eyAvm0hi3skALG7F4FFJeXZWPfXRDL8_IwxRya5NBmltWwvAIkiLv12ldiiDxigJZQtTZF4PCjE20aSPbtC_UnjoNweBXYaGZGH_XWw80C-jN_-5jZOFR61R60RylO7-Wkn32jyOSIpmnd6EbTt76ajwzQWdiskcrDcj1PkBwtACgq-3DHo9VObAQPIMQvcYwF_F7yNOQXiJrA-kbU2S4UfZdytcdAe1RMI1c57RK0qM_UO2uSm_cmYUsZZ2FThc2J4b2vkFIy7409qw7ebWp3ZmY6FrMa8EiQCN1sB1ALLXwJvia_ZSd2nlfgOlFClTS0SAcBcKc1mipZrLRUkY-jtexsBXym2u0oE-z6nSOrNLtRAsLE023fIdx24lQXZaS83pNJpJ3eibjnJVSU1AE7rFXb7Ns418AnVq4uZvhmZZOt7ry2xrkjVyxhZWI5cw/https://www.amazon.in/gp/aw/d/B0CBPZVK97/?_encoding=UTF8&pd_rd_plhdr=t&aaxitk=9336cd4d703fe2960819d16768b1d352&hsa_cr_id=0&qid=1774489476&sr=1-1-1ee1b2e4-01d1-4cd0-b737-4c27ebfc8105&aref=GBHCpud6Cq&ref_=sbx__sbtcd2_asin_0_bkgd&pd_rd_w=U24ns&content-id=amzn1.sym.a66b3449-0491-4455-b928-7d9918a72d25%3Aamzn1.sym.a66b3449-0491-4455-b928-7d9918a72d25&pf_rd_p=a66b3449-0491-4455-b928-7d9918a72d25&pf_rd_r=7EN2307ZA6CHHXBKMP2H&pd_rd_wg=cbyf2&pd_rd_r=56c35932-a478-4360-9c9d-f125dcf970af,B0CBPZVK97
Nasher Miles,uppercase Topo (Medium) 66 cms Hardsided Check-in Trolley Bag 8 Wheel Sustainable Double Spinner Luggage with TSA Lock & Anti-Theft Zippers Unisex 2000 Days Warranty Dual Tone (Taupe & Beige),4880.0,,,4.3,,https://aax-eu-zaz.amazon.in/x/c/JP8dMeePyKlqbSo-GN73q5kAAAGdJ9CeZwoAAAH2AQBvbm9fdHhuX2JpZDIgICBvbm9fdHhuX2ltcDEgICCBVqnz/clv1c_ek-IBPf3LTbbzsYrd54huj4p7bSZmjr7bNAqwIlrlJ-YjcR0RIkNB-tPEW-83IQ0aFRG_0oQBnoa05uE3igBFqS1H1-E-QyQol7_T5I5A3Mul9fLLFnXPYyDoW5pgqIx1WxTD-YnSleyxp-1DVAmbvGjJ3-uo3TooGTwzitqzdCfVUd5XgOu2r4Y5m12-fPfje2DtV1qd7emVNJMgkrNqqIL3fu-BlJeEqaMutleo_yk73C3PJPWcfk2OQ3_aRln58bJwNPzoLZwpMMRa2Jwt0A38SDGHIcMToaOQ7i1TjqkZRypV2zKj5rKXJ8xfRrjj1n5dp67SWdpyiGTsKaAKIQVRlDvsx-MKRWvxclTJHm8mZC08HzQsP638Z770kuDWALJMi8zoLrDNleAgMrSrU8t0NCoJhCjXPAQP54rSs-BbA_b005rTYmOShcBwx4gJljcDH1jIomH5AqFovSmfnjk5o2ocsQFNSOboSz0c4Nv_p0lVzsnikCK-VD6ia53OleV4JFx72VUR7hcPiz1VpliCImS2tYvUGytw_NNa78LkMGXbLVUhv4PNLlMzRz7Dmakgo_mQrMhMXTaMzvjXjo0V5Vd3KlkYqydViGLWqFChUIMijMDS0PAwNFIPKxxEPdu7Et9ioPVEXiEKNRYC_I5122f7WgPrZ1iV-4TGK1uZ0E6ZCrz6ykyGzX1JwK6DG5P2mQ-Y4fPUaofmDb853L-B5JP3hgvQrIihGGp1BkvUZdQEZQ7i_rUdOAixTAqgda91XqO_gKplQCSNt4UCzjoY4OpJIJslQ8Apzx4smQOW-jjhIdK-teCR94TNRxIb8W8OjEHEXkfJL-3MCN0X-Im7Mi_W9VB_CTckG8RMcP4ozDlOqWv-ha9LYxHWt4JqdSIhYUoI2PJfYXhPRL776o7H_BHvEGSyFIh617nF2r3Z7pL_1ZLtnCKZaJB_fv07RixoQ-WLkXmePKvYRyk9ITW63XoDiOqA28araDD-O7-e2VXeAbhiFCTy0fifLUk0hUdDzK1yF-zw_XiulH7VharCr6G6S_X7vQ2e5DdREkwu-ob4NO-0XK4cQ6vwjhlzS5Rxwch0WzOGqATHGvPrKbhisgfvvtAJZS14CEHiBUbR2W2_WXHK9i_hfpE8c2-GuGhUJhuDC75YozbHfXpSIKqr6Vqrxl9fe5_QbDkNG70vVHp7qrRncO-L5VMI2dkDJSFkXlF40rjEmvPnr6DodVo28Lk1oFv_aivCpr3HioxFBNrmqARfINf_uur2xMjQEsr78cdxR7AT68JzWVMw6eyAvm0hi3skALG7F4FFJeXZWPfXRDL8_IwxRya5NBmltWwvAIkiLv12ldiiDxigJZQtTZF4PCjE20aSPbtC_UnjoNweBXYaGZGH_XWw80C-jN_-5jZOFR61R60RylO7-Wkn32jyOSIpmnd6EbTt76ajwzQWdiskcrDcj1PkBwtACgq-3DHo9VObAQPIMQvcYwF_F7yNOQXiJrA-kbU2S4UfZdytcdAe1RMI1c57RK0qM_UO2uSm_cmYUsZZ2FThc2J4b2vkFIy7409qw7ebWp3ZmY6FrMa8EiQCN1sB1ALLXwJvia_ZSd2nlfgOlFClTS0SAcBcKc1mipZrLRUkY-jtexsBXym2u0oE-z6nSOrNLtRAsLE023fIdx24lQXZaS83pNJpJ3eibjnJVSU1AE7rFXb7Ns418AnVq4uZvhmZZOt7ry2xrkjVyxhZWI5cw/https://www.amazon.in/gp/aw/d/B0DH532ZJJ/?_encoding=UTF8&pd_rd_plhdr=t&aaxitk=9336cd4d703fe2960819d16768b1d352&hsa_cr_id=0&qid=1774489476&sr=1-2-1ee1b2e4-01d1-4cd0-b737-4c27ebfc8105&aref=GBHCpud6Cq&ref_=sbx__sbtcd2_asin_1_bkgd&pd_rd_w=U24ns&content-id=amzn1.sym.a66b3449-0491-4455-b928-7d9918a72d25%3Aamzn1.sym.a66b3449-0491-4455-b928-7d9918a72d25&pf_rd_p=a66b3449-0491-4455-b928-7d9918a72d25&pf_rd_r=7EN2307ZA6CHHXBKMP2H&pd_rd_wg=cbyf2&pd_rd_r=56c35932-a478-4360-9c9d-f125dcf970af,B0DH532ZJJ
Nasher Miles,-40%,3719.0,,,4.5,,https://aax-eu-zaz.amazon.in/x/c/JP8dMeePyKlqbSo-GN73q5kAAAGdJ9CeZwoAAAH2AQBvbm9fdHhuX2JpZDIgICBvbm9fdHhuX2ltcDEgICCBVqnz/clv1c_ek-IBPf3LTbbzsYrd54huj4p7bSZmjr7bNAqwIlrlJ-YjcR0RIkNB-tPEW-83IQ0aFRG_0oQBnoa05uE3igBFqS1H1-E-QyQol7_T5I5A3Mul9fLLFnXPYyDoW5pgqIx1WxTD-YnSleyxp-1DVAmbvGjJ3-uo3TooGTwzitqzdCfVUd5XgOu2r4Y5m12-fPfje2DtV1qd7emVNJMgkrNqqIL3fu-BlJeEqaMutleo_yk73C3PJPWcfk2OQ3_aRln58bJwNPzoLZwpMMRa2Jwt0A38SDGHIcMToaOQ7i1TjqkZRypV2zKj5rKXJ8xfRrjj1n5dp67SWdpyiGTsKaAKIQVRlDvsx-MKRWvxclTJHm8mZC08HzQsP638Z770kuDWALJMi8zoLrDNleAgMrSrU8t0NCoJhCjXPAQP54rSs-BbA_b005rTYmOShcBwx4gJljcDH1jIomH5AqFovSmfnjk5o2ocsQFNSOboSz0c4Nv_p0lVzsnikCK-VD6ia53OleV4JFx72VUR7hcPiz1VpliCImS2tYvUGytw_NNa78LkMGXbLVUhv4PNLlMzRz7Dmakgo_mQrMhMXTaMzvjXjo0V5Vd3KlkYqydViGLWqFChUIMijMDS0PAwNFIPKxxEPdu7Et9ioPVEXiEKNRYC_I5122f7WgPrZ1iV-4TGK1uZ0E6ZCrz6ykyGzX1JwK6DG5P2mQ-Y4fPUaofmDb853L-B5JP3hgvQrIihGGp1BkvUZdQEZQ7i_rUdOAixTAqgda91XqO_gKplQCSNt4UCzjoY4OpJIJslQ8Apzx4smQOW-jjhIdK-teCR94TNRxIb8W8OjEHEXkfJL-3MCN0X-Im7Mi_W9VB_CTckG8RMcP4ozDlOqWv-ha9LYxHWt4JqdSIhYUoI2PJfYXhPRL776o7H_BHvEGSyFIh617nF2r3Z7pL_1ZLtnCKZaJB_fv07RixoQ-WLkXmePKvYRyk9ITW63XoDiOqA28araDD-O7-e2VXeAbhiFCTy0fifLUk0hUdDzK1yF-zw_XiulH7VharCr6G6S_X7vQ2e5DdREkwu-ob4NO-0XK4cQ6vwjhlzS5Rxwch0WzOGqATHGvPrKbhisgfvvtAJZS14CEHiBUbR2W2_WXHK9i_hfpE8c2-GuGhUJhuDC75YozbHfXpSIKqr6Vqrxl9fe5_QbDkNG70vVHp7qrRncO-L5VMI2dkDJSFkXlF40rjEmvPnr6DodVo28Lk1oFv_aivCpr3HioxFBNrmqARfINf_uur2xMjQEsr78cdxR7AT68JzWVMw6eyAvm0hi3skALG7F4FFJeXZWPfXRDL8_IwxRya5NBmltWwvAIkiLv12ldiiDxigJZQtTZF4PCjE20aSPbtC_UnjoNweBXYaGZGH_XWw80C-jN_-5jZOFR61R60RylO7-Wkn32jyOSIpmnd6EbTt76ajwzQWdiskcrDcj1PkBwtACgq-3DHo9VObAQPIMQvcYwF_F7yNOQXiJrA-kbU2S4UfZdytcdAe1RMI1c57RK0qM_UO2uSm_cmYUsZZ2FThc2J4b2vkFIy7409qw7ebWp3ZmY6FrMa8EiQCN1sB1ALLXwJvia_ZSd2nlfgOlFClTS0SAcBcKc1mipZrLRUkY-jtexsBXym2u0oE-z6nSOrNLtRAsLE023fIdx24lQXZaS83pNJpJ3eibjnJVSU1AE7rFXb7Ns418AnVq4uZvhmZZOt7ry2xrkjVyxhZWI5cw/https://www.amazon.in/gp/aw/d/B0F195ZRGK/?_encoding=UTF8&pd_rd_plhdr=t&aaxitk=9336cd4d703fe2960819d16768b1d352&hsa_cr_id=0&qid=1774489476&sr=1-3-1ee1b2e4-01d1-4cd0-b737-4c27ebfc8105&aref=GBHCpud6Cq&ref_=sbx__sbtcd2_asin_2_bkgd&pd_rd_w=U24ns&content-id=amzn1.sym.a66b3449-0491-4455-b928-7d9918a72d25%3Aamzn1.sym.a66b3449-0491-4455-b928-7d9918a72d25&pf_rd_p=a66b3449-0491-4455-b928-7d9918a72d25&pf_rd_r=7EN2307ZA6CHHXBKMP2H&pd_rd_wg=cbyf2&pd_rd_r=56c35932-a478-4360-9c9d-f125dcf970af,B0F195ZRGK
Safari,"Safari Pentagon Pro 8 Wheels Set of 3 (Cabin+ Medium + Large) Trolley Bags, Hard Case Polypropylene, 360º Wheeling Luggage, Suitcase for Travel, Trolley Bags for Travel, Black",6999.0,,,4.2,,https://aax-eu-zaz.amazon.in/x/c/JOUCfeYuNeNkjYCndNrSgbcAAAGdJ8ju0woAAAH2AQBvbm9fdHhuX2JpZDIgICBvbm9fdHhuX2ltcDEgICCpcvB5/clv1c_ek-ABAfWLUbbTf1Sd_81yvLIWY1iCoBZDNFWiaOsngldsmBQD1TRHGqbbyAiEFVpE9gZcG4nzOnltTy_7r-j_j-aYblGNr8X32xpzewZJ8cHj9BLJr3T_4AgiHt1szKRlBrCYgiv3p0tZfUIWUNiZdIl8amdstXrivxwzZOuw5ILufqcGM2fBs_RdwPj9woA64VKa7HA_69q1c6t52iBVyufHGt8ECu_BAbOmjXBY9GesHL0mOOg_X-xc44VX5wSI2BUQE7XbuyUVdIuwcvcan56TWdyFOeKubtCKjD1PE4Eoqfquw7NcAE0VBjJsGCi4tQ-TTV30y_6XVIQ04FwEUPCLeDW7p1nZBStEJNJ3G3mPe-C3jAYkvmLi_HouKaKr25gfKTAZU_xYi-RyN_oZvfbhrD9q_y6JTmivHKH2zpqS-HQWqXqOrtlkaZ2FoyDovHaCfwzp29EmRavX-417UHW1ljFu6mIFbvGIHuFE6OhFmgDNwOLlDk2zycek95WSx5ptzKJtaiZ9ofKMteE0LsqQouwQHW1hUhYypU2P0CiPbqnpkKkUDyoghDCJvlw-Ym0bWTUc8ei7tabYY1qVcVa1pEAKHVtjOWQ_6tlkrnzQlaOzvc9iAbtQLx3k4L3gFoUIbNC2LMLsF0gxRohoP92OPEHVC9BTz1NbYjZJL0xVBMcEUPqjo3wlaJ0gHt2T1ybVrsxYbpdrxawp4RwbRbAURuRk-e0zR9119P-8nZGcJInC8To2l4A1uZik7XCjf4-icoeiAXGw4lJcDNOMKTSXaaMchhrxmkwFRjzUvI0_fzd4-eWgWvSDPehWcu2nFri9A8GY2-4EC58SD7E9F2qRCymYrqJc7bPucsQtPky5QC9TwfsN-9s6mNIbo-iYFRsDS8d42_MIgJzN5ggyDoqSjuLgVT4BxRyjdulrvvguPqG9dHi9eAZf8R5hKc4zOpGPNPdKTC1iq2udmEfuwpv0mgLTh7ps1NZDnuFMu145VMxXa8dpZQAYA4jTPKI54ZKA3sA0FPwpkar6-AbMSKbcwdDSFwn7SE0vohp9QfRa7SSw1DBVrZpVDddZKfICbHn_Ihc6_IS7w9bp7ErfNusJkCvJ2YtyWYjm2dSISr4G8XBdC_AcjEc-LMI1b1nyqxmQFG-WyqcbM9AEwyuG-ytDUwQqDNkmsjSXtAdOrgVYXqZA_4J2KPgIi5v1zJ2MN9iJ5Q5IMwU39xBnJ3_GlZ_xzG4V4C5SOokAcyBx1haQgIsa_jZ1EgjfWSN14dNDYEyHEv_L_ZyTjRDVKwvjF38i03Y9EN5c2JToHc9vvASZbOmGEXQCWZNu5GuJwuA77AsJCGU1Y9VZUiYiDXG--H0XLI9r85o-s-2-kzyOU9L6JL914EvSPXAIY0JboZxfkOPqHzwgY9Rot0CK_-KanbyudwbGV4ai4Xl4_8SE_DEwJ2L8FPDBnx4qRtE-lue0UIx33nxxAJynZ3k_5S7c5lcMZQ6NMXX8D2WM56-FPZhQrL63tS9a0_rY3P-WnHmWolx5K2cbTAdORRVxFNnTenxiEkcn0g2NssRAXCN9uZ6q97H7ANUyBQ5AiR60gXOaiNOoLU5UTbnPptg4BDTg8UY9pdzPZ4-YNAiYtYoDA-xyDh-rq5ehsRDLtJZ0OxWXB_cXRnadm7Tk_O7B0R6PY1gFw/https://www.amazon.in/gp/aw/d/B097BGSJX1/?_encoding=UTF8&pd_rd_plhdr=t&aaxitk=45753f629ca831c13ff6a608a6fbf480&hsa_cr_id=0&qid=1774488972&sr=1-1-e0fa1fdd-d857-4087-adda-5bd576b25987&aref=8cuWvqLTkP&ref_=sbx_s_sparkle_sbtcd_asin_0_bkgd&pd_rd_w=VPxz1&content-id=amzn1.sym.9269eab1-ae85-443b-9ec2-b2fa4ebaad05%3Aamzn1.sym.9269eab1-ae85-443b-9ec2-b2fa4ebaad05&pf_rd_p=9269eab1-ae85-443b-9ec2-b2fa4ebaad05&pf_rd_r=AKE78XQ1P1TCXRNH76EP&pd_rd_wg=7P8zB&pd_rd_r=1aafbedf-4ced-4f33-8909-9f00b39c8866,B097BGSJX1
Safari,"Safari Pentagon Pro 8 Wheels Checkin Trolley Bag, Hard Case Polypropylene 360º Wheeling Luggage for Men & Women, Suitcase Bag for Travel, Cyan, 65 cm, Medium Size",2499.0,,,4.2,,https://aax-eu-zaz.amazon.in/x/c/JOUCfeYuNeNkjYCndNrSgbcAAAGdJ8ju0woAAAH2AQBvbm9fdHhuX2JpZDIgICBvbm9fdHhuX2ltcDEgICCpcvB5/clv1c_ek-ABAfWLUbbTf1Sd_81yvLIWY1iCoBZDNFWiaOsngldsmBQD1TRHGqbbyAiEFVpE9gZcG4nzOnltTy_7r-j_j-aYblGNr8X32xpzewZJ8cHj9BLJr3T_4AgiHt1szKRlBrCYgiv3p0tZfUIWUNiZdIl8amdstXrivxwzZOuw5ILufqcGM2fBs_RdwPj9woA64VKa7HA_69q1c6t52iBVyufHGt8ECu_BAbOmjXBY9GesHL0mOOg_X-xc44VX5wSI2BUQE7XbuyUVdIuwcvcan56TWdyFOeKubtCKjD1PE4Eoqfquw7NcAE0VBjJsGCi4tQ-TTV30y_6XVIQ04FwEUPCLeDW7p1nZBStEJNJ3G3mPe-C3jAYkvmLi_HouKaKr25gfKTAZU_xYi-RyN_oZvfbhrD9q_y6JTmivHKH2zpqS-HQWqXqOrtlkaZ2FoyDovHaCfwzp29EmRavX-417UHW1ljFu6mIFbvGIHuFE6OhFmgDNwOLlDk2zycek95WSx5ptzKJtaiZ9ofKMteE0LsqQouwQHW1hUhYypU2P0CiPbqnpkKkUDyoghDCJvlw-Ym0bWTUc8ei7tabYY1qVcVa1pEAKHVtjOWQ_6tlkrnzQlaOzvc9iAbtQLx3k4L3gFoUIbNC2LMLsF0gxRohoP92OPEHVC9BTz1NbYjZJL0xVBMcEUPqjo3wlaJ0gHt2T1ybVrsxYbpdrxawp4RwbRbAURuRk-e0zR9119P-8nZGcJInC8To2l4A1uZik7XCjf4-icoeiAXGw4lJcDNOMKTSXaaMchhrxmkwFRjzUvI0_fzd4-eWgWvSDPehWcu2nFri9A8GY2-4EC58SD7E9F2qRCymYrqJc7bPucsQtPky5QC9TwfsN-9s6mNIbo-iYFRsDS8d42_MIgJzN5ggyDoqSjuLgVT4BxRyjdulrvvguPqG9dHi9eAZf8R5hKc4zOpGPNPdKTC1iq2udmEfuwpv0mgLTh7ps1NZDnuFMu145VMxXa8dpZQAYA4jTPKI54ZKA3sA0FPwpkar6-AbMSKbcwdDSFwn7SE0vohp9QfRa7SSw1DBVrZpVDddZKfICbHn_Ihc6_IS7w9bp7ErfNusJkCvJ2YtyWYjm2dSISr4G8XBdC_AcjEc-LMI1b1nyqxmQFG-WyqcbM9AEwyuG-ytDUwQqDNkmsjSXtAdOrgVYXqZA_4J2KPgIi5v1zJ2MN9iJ5Q5IMwU39xBnJ3_GlZ_xzG4V4C5SOokAcyBx1haQgIsa_jZ1EgjfWSN14dNDYEyHEv_L_ZyTjRDVKwvjF38i03Y9EN5c2JToHc9vvASZbOmGEXQCWZNu5GuJwuA77AsJCGU1Y9VZUiYiDXG--H0XLI9r85o-s-2-kzyOU9L6JL914EvSPXAIY0JboZxfkOPqHzwgY9Rot0CK_-KanbyudwbGV4ai4Xl4_8SE_DEwJ2L8FPDBnx4qRtE-lue0UIx33nxxAJynZ3k_5S7c5lcMZQ6NMXX8D2WM56-FPZhQrL63tS9a0_rY3P-WnHmWolx5K2cbTAdORRVxFNnTenxiEkcn0g2NssRAXCN9uZ6q97H7ANUyBQ5AiR60gXOaiNOoLU5UTbnPptg4BDTg8UY9pdzPZ4-YNAiYtYoDA-xyDh-rq5ehsRDLtJZ0OxWXB_cXRnadm7Tk_O7B0R6PY1gFw/https://www.amazon.in/gp/aw/d/B097BGX7TV/?_encoding=UTF8&pd_rd_plhdr=t&aaxitk=45753f629ca831c13ff6a608a6fbf480&hsa_cr_id=0&qid=1774488972&sr=1-2-e0fa1fdd-d857-4087-adda-5bd576b25987&aref=8cuWvqLTkP&ref_=sbx_s_sparkle_sbtcd_asin_1_bkgd&pd_rd_w=VPxz1&content-id=amzn1.sym.9269eab1-ae85-443b-9ec2-b2fa4ebaad05%3Aamzn1.sym.9269eab1-ae85-443b-9ec2-b2fa4ebaad05&pf_rd_p=9269eab1-ae85-443b-9ec2-b2fa4ebaad05&pf_rd_r=AKE78XQ1P1TCXRNH76EP&pd_rd_wg=7P8zB&pd_rd_r=1aafbedf-4ced-4f33-8909-9f00b39c8866,B097BGX7TV
Safari,"Safari Cabin Thorium Neo 8 Wheels Set of 2 (+ Medium) Trolley Bags, Hard Case Polycarbonate, 360º Wheeling Luggage for Men & Women, Travel Bag Suitcase for Travel, Trolley Bags for Travel, Dusk Green",4599.0,,,4.0,,https://aax-eu-zaz.amazon.in/x/c/JOUCfeYuNeNkjYCndNrSgbcAAAGdJ8ju0woAAAH2AQBvbm9fdHhuX2JpZDIgICBvbm9fdHhuX2ltcDEgICCpcvB5/clv1c_ek-ABAfWLUbbTf1Sd_81yvLIWY1iCoBZDNFWiaOsngldsmBQD1TRHGqbbyAiEFVpE9gZcG4nzOnltTy_7r-j_j-aYblGNr8X32xpzewZJ8cHj9BLJr3T_4AgiHt1szKRlBrCYgiv3p0tZfUIWUNiZdIl8amdstXrivxwzZOuw5ILufqcGM2fBs_RdwPj9woA64VKa7HA_69q1c6t52iBVyufHGt8ECu_BAbOmjXBY9GesHL0mOOg_X-xc44VX5wSI2BUQE7XbuyUVdIuwcvcan56TWdyFOeKubtCKjD1PE4Eoqfquw7NcAE0VBjJsGCi4tQ-TTV30y_6XVIQ04FwEUPCLeDW7p1nZBStEJNJ3G3mPe-C3jAYkvmLi_HouKaKr25gfKTAZU_xYi-RyN_oZvfbhrD9q_y6JTmivHKH2zpqS-HQWqXqOrtlkaZ2FoyDovHaCfwzp29EmRavX-417UHW1ljFu6mIFbvGIHuFE6OhFmgDNwOLlDk2zycek95WSx5ptzKJtaiZ9ofKMteE0LsqQouwQHW1hUhYypU2P0CiPbqnpkKkUDyoghDCJvlw-Ym0bWTUc8ei7tabYY1qVcVa1pEAKHVtjOWQ_6tlkrnzQlaOzvc9iAbtQLx3k4L3gFoUIbNC2LMLsF0gxRohoP92OPEHVC9BTz1NbYjZJL0xVBMcEUPqjo3wlaJ0gHt2T1ybVrsxYbpdrxawp4RwbRbAURuRk-e0zR9119P-8nZGcJInC8To2l4A1uZik7XCjf4-icoeiAXGw4lJcDNOMKTSXaaMchhrxmkwFRjzUvI0_fzd4-eWgWvSDPehWcu2nFri9A8GY2-4EC58SD7E9F2qRCymYrqJc7bPucsQtPky5QC9TwfsN-9s6mNIbo-iYFRsDS8d42_MIgJzN5ggyDoqSjuLgVT4BxRyjdulrvvguPqG9dHi9eAZf8R5hKc4zOpGPNPdKTC1iq2udmEfuwpv0mgLTh7ps1NZDnuFMu145VMxXa8dpZQAYA4jTPKI54ZKA3sA0FPwpkar6-AbMSKbcwdDSFwn7SE0vohp9QfRa7SSw1DBVrZpVDddZKfICbHn_Ihc6_IS7w9bp7ErfNusJkCvJ2YtyWYjm2dSISr4G8XBdC_AcjEc-LMI1b1nyqxmQFG-WyqcbM9AEwyuG-ytDUwQqDNkmsjSXtAdOrgVYXqZA_4J2KPgIi5v1zJ2MN9iJ5Q5IMwU39xBnJ3_GlZ_xzG4V4C5SOokAcyBx1haQgIsa_jZ1EgjfWSN14dNDYEyHEv_L_ZyTjRDVKwvjF38i03Y9EN5c2JToHc9vvASZbOmGEXQCWZNu5GuJwuA77AsJCGU1Y9VZUiYiDXG--H0XLI9r85o-s-2-kzyOU9L6JL914EvSPXAIY0JboZxfkOPqHzwgY9Rot0CK_-KanbyudwbGV4ai4Xl4_8SE_DEwJ2L8FPDBnx4qRtE-lue0UIx33nxxAJynZ3k_5S7c5lcMZQ6NMXX8D2WM56-FPZhQrL63tS9a0_rY3P-WnHmWolx5K2cbTAdORRVxFNnTenxiEkcn0g2NssRAXCN9uZ6q97H7ANUyBQ5AiR60gXOaiNOoLU5UTbnPptg4BDTg8UY9pdzPZ4-YNAiYtYoDA-xyDh-rq5ehsRDLtJZ0OxWXB_cXRnadm7Tk_O7B0R6PY1gFw/https://www.amazon.in/gp/aw/d/B097BHNY7M/?_encoding=UTF8&pd_rd_plhdr=t&aaxitk=45753f629ca831c13ff6a608a6fbf480&hsa_cr_id=0&qid=1774488972&sr=1-3-e0fa1fdd-d857-4087-adda-5bd576b25987&aref=8cuWvqLTkP&ref_=sbx_s_sparkle_sbtcd_asin_2_bkgd&pd_rd_w=VPxz1&content-id=amzn1.sym.9269eab1-ae85-443b-9ec2-b2fa4ebaad05%3Aamzn1.sym.9269eab1-ae85-443b-9ec2-b2fa4ebaad05&pf_rd_p=9269eab1-ae85-443b-9ec2-b2fa4ebaad05&pf_rd_r=AKE78XQ1P1TCXRNH76EP&pd_rd_wg=7P8zB&pd_rd_r=1aafbedf-4ced-4f33-8909-9f00b39c8866,B097BHNY7M
Safari,kaido,5299.0,,2.0,,,https://www.amazon.in/sspa/click?ie=UTF8&spc=MTozNzIxNjE5MDA5NDI2NDcxOjE3NzQ0ODg5NzI6c3BfYXRmOjMwMDk1NzU2MzA1ODAzMjo6MDo6&url=%2Fkaido-Kyoto-Large-Rose-Gold%2Fdp%2FB0GKV4B8S2%2Fref%3Dsr_1_1_sspa%3Fdib%3DeyJ2IjoiMSJ9.Z7Vd7Wn4JoQX20V-17jEX-XcNAWbUOFO-mMQK8oeYtwiycIjwe2tcvuJC_sxPPS0alTcwyQWHadJcDw9WpbAAFa6kc8b_27WmrS-P7R47uXYBmIwltq7dzQbH-E0QCbmmDvuj7XYBspsAlB-dQdM6NzRSyINXCsccy2ZhoZG6k2rZJcz7K507ebu7T5P1dqE9c4sFjYafiu-crLrbe4knPmmRQbl8XP5Mrptivu0uByjVRIGPsQ-a8EAr5nLJigzzcOCZF7IqG9UAOBbtD0NAWIdhXyYu2mRX8KRf8wfnJE.zjUaDvqadoThjJ9ZnM7adTxeLeycGbrEn1qQDyG0RmU%26dib_tag%3Dse%26keywords%3DSafari%2Bluggage%26qid%3D1774488972%26sr%3D8-1-spons%26aref%3D385wwYTi1v%26sp_csd%3Dd2lkZ2V0TmFtZT1zcF9hdGY%26psc%3D1&aref=385wwYTi1v&sp_cr=ZAZ,B0GKV4B8S2
Safari,Safari,1859.0,8999.0,79.0,4.2,33,https://www.amazon.in/sspa/click?ie=UTF8&spc=MTozNzIxNjE5MDA5NDI2NDcxOjE3NzQ0ODg5NzI6c3BfYXRmOjMwMDYyMDg3MzA2MDAzMjo6MDo6&url=%2FSafari-Pentagon-Polypropylene-Wheeling-Suitcase%2Fdp%2FB097BG27MD%2Fref%3Dsr_1_2_sspa%3Fdib%3DeyJ2IjoiMSJ9.Z7Vd7Wn4JoQX20V-17jEX-XcNAWbUOFO-mMQK8oeYtwiycIjwe2tcvuJC_sxPPS0alTcwyQWHadJcDw9WpbAAFa6kc8b_27WmrS-P7R47uXYBmIwltq7dzQbH-E0QCbmmDvuj7XYBspsAlB-dQdM6NzRSyINXCsccy2ZhoZG6k2rZJcz7K507ebu7T5P1dqE9c4sFjYafiu-crLrbe4knPmmRQbl8XP5Mrptivu0uByjVRIGPsQ-a8EAr5nLJigzzcOCZF7IqG9UAOBbtD0NAWIdhXyYu2mRX8KRf8wfnJE.zjUaDvqadoThjJ9ZnM7adTxeLeycGbrEn1qQDyG0RmU%26dib_tag%3Dse%26keywords%3DSafari%2Bluggage%26qid%3D1774488972%26sr%3D8-2-spons%26aref%3Dftyl9PtuKX%26sp_csd%3Dd2lkZ2V0TmFtZT1zcF9hdGY%26psc%3D1&aref=ftyl9PtuKX&sp_cr=ZAZ,B097BG27MD
Safari,Safari,3499.0,15998.0,78.0,4.1,5,https://www.amazon.in/sspa/click?ie=UTF8&spc=MTozNzIxNjE5MDA5NDI2NDcxOjE3NzQ0ODg5NzI6c3BfYXRmOjMwMDczNDMwNzAyMzUzMjo6MDo6&url=%2FSafari-Trolley-Polypropylene-Wheeling-Suitcase%2Fdp%2FB0FLYJD912%2Fref%3Dsr_1_3_sspa%3Fdib%3DeyJ2IjoiMSJ9.Z7Vd7Wn4JoQX20V-17jEX-XcNAWbUOFO-mMQK8oeYtwiycIjwe2tcvuJC_sxPPS0alTcwyQWHadJcDw9WpbAAFa6kc8b_27WmrS-P7R47uXYBmIwltq7dzQbH-E0QCbmmDvuj7XYBspsAlB-dQdM6NzRSyINXCsccy2ZhoZG6k2rZJcz7K507ebu7T5P1dqE9c4sFjYafiu-crLrbe4knPmmRQbl8XP5Mrptivu0uByjVRIGPsQ-a8EAr5nLJigzzcOCZF7IqG9UAOBbtD0NAWIdhXyYu2mRX8KRf8wfnJE.zjUaDvqadoThjJ9ZnM7adTxeLeycGbrEn1qQDyG0RmU%26dib_tag%3Dse%26keywords%3DSafari%2Bluggage%26qid%3D1774488972%26sr%3D8-3-spons%26aref%3DFioBN7ZrOd%26sp_csd%3Dd2lkZ2V0TmFtZT1zcF9hdGY%26psc%3D1&aref=FioBN7ZrOd&sp_cr=ZAZ,B0FLYJD912
Safari,Safari,7499.0,29100.0,74.0,4.0,27,https://www.amazon.in/sspa/click?ie=UTF8&spc=MTozNzIxNjE5MDA5NDI2NDcxOjE3NzQ0ODg5NzI6c3BfYXRmOjMwMDc1MTYzMjkxNjgzMjo6MDo6&url=%2FSafari-Polycarbonate-Hardside-Suitcase-CODE-PLUS-73-Purple-4WH%2Fdp%2FB00SWV4NCU%2Fref%3Dsr_1_4_sspa%3Fdib%3DeyJ2IjoiMSJ9.Z7Vd7Wn4JoQX20V-17jEX-XcNAWbUOFO-mMQK8oeYtwiycIjwe2tcvuJC_sxPPS0alTcwyQWHadJcDw9WpbAAFa6kc8b_27WmrS-P7R47uXYBmIwltq7dzQbH-E0QCbmmDvuj7XYBspsAlB-dQdM6NzRSyINXCsccy2ZhoZG6k2rZJcz7K507ebu7T5P1dqE9c4sFjYafiu-crLrbe4knPmmRQbl8XP5Mrptivu0uByjVRIGPsQ-a8EAr5nLJigzzcOCZF7IqG9UAOBbtD0NAWIdhXyYu2mRX8KRf8wfnJE.zjUaDvqadoThjJ9ZnM7adTxeLeycGbrEn1qQDyG0RmU%26dib_tag%3Dse%26keywords%3DSafari%2Bluggage%26qid%3D1774488972%26sr%3D8-4-spons%26aref%3DvrDAWdMOB0%26sp_csd%3Dd2lkZ2V0TmFtZT1zcF9hdGY%26psc%3D1&aref=vrDAWdMOB0&sp_cr=ZAZ,B00SWV4NCU
Safari,Safari,1499.0,6999.0,79.0,4.1,5,https://www.amazon.in/Safari-Trolley-Polypropylene-Wheeling-Suitcase/dp/B0FLYJQLQQ/ref=sr_1_5?dib=eyJ2IjoiMSJ9.Z7Vd7Wn4JoQX20V-17jEX-XcNAWbUOFO-mMQK8oeYtwiycIjwe2tcvuJC_sxPPS0alTcwyQWHadJcDw9WpbAAFa6kc8b_27WmrS-P7R47uXYBmIwltq7dzQbH-E0QCbmmDvuj7XYBspsAlB-dQdM6NzRSyINXCsccy2ZhoZG6k2rZJcz7K507ebu7T5P1dqE9c4sFjYafiu-crLrbe4knPmmRQbl8XP5Mrptivu0uByjVRIGPsQ-a8EAr5nLJigzzcOCZF7IqG9UAOBbtD0NAWIdhXyYu2mRX8KRf8wfnJE.zjUaDvqadoThjJ9ZnM7adTxeLeycGbrEn1qQDyG0RmU&dib_tag=se&keywords=Safari+luggage&qid=1774488972&sr=8-5,B0FLYJQLQQ
Safari,Safari,4999.0,27997.0,82.0,4.1,5,https://www.amazon.in/Safari-Trolley-Polypropylene-Wheeling-Suitcase/dp/B0F67KYF8J/ref=sr_1_6?dib=eyJ2IjoiMSJ9.Z7Vd7Wn4JoQX20V-17jEX-XcNAWbUOFO-mMQK8oeYtwiycIjwe2tcvuJC_sxPPS0alTcwyQWHadJcDw9WpbAAFa6kc8b_27WmrS-P7R47uXYBmIwltq7dzQbH-E0QCbmmDvuj7XYBspsAlB-dQdM6NzRSyINXCsccy2ZhoZG6k2rZJcz7K507ebu7T5P1dqE9c4sFjYafiu-crLrbe4knPmmRQbl8XP5Mrptivu0uByjVRIGPsQ-a8EAr5nLJigzzcOCZF7IqG9UAOBbtD0NAWIdhXyYu2mRX8KRf8wfnJE.zjUaDvqadoThjJ9ZnM7adTxeLeycGbrEn1qQDyG0RmU&dib_tag=se&keywords=Safari+luggage&qid=1774488972&sr=8-6,B0F67KYF8J
Safari,Safari,1999.0,8999.0,78.0,4.1,5,https://www.amazon.in/Safari-Polypropylene-Wheeling-Suitcase-Flintstone/dp/B0FLYJ6H77/ref=sr_1_7?dib=eyJ2IjoiMSJ9.Z7Vd7Wn4JoQX20V-17jEX-XcNAWbUOFO-mMQK8oeYtwiycIjwe2tcvuJC_sxPPS0alTcwyQWHadJcDw9WpbAAFa6kc8b_27WmrS-P7R47uXYBmIwltq7dzQbH-E0QCbmmDvuj7XYBspsAlB-dQdM6NzRSyINXCsccy2ZhoZG6k2rZJcz7K507ebu7T5P1dqE9c4sFjYafiu-crLrbe4knPmmRQbl8XP5Mrptivu0uByjVRIGPsQ-a8EAr5nLJigzzcOCZF7IqG9UAOBbtD0NAWIdhXyYu2mRX8KRf8wfnJE.zjUaDvqadoThjJ9ZnM7adTxeLeycGbrEn1qQDyG0RmU&dib_tag=se&keywords=Safari+luggage&qid=1774488972&sr=8-7,B0FLYJ6H77
Skybags,-72%,1919.0,,,4.2,,https://aax-eu-zaz.amazon.in/x/c/JBJXJfy0i7CHqGlgWTmVbAUAAAGdJ8r3YQoAAAH2AQBvbm9fdHhuX2JpZDEgICBvbm9fdHhuX2ltcDIgICCaigc5/clv1c_ek-wBPf3Vcba3jI2mAX3I_BwCrM5kGj0MPSX7we1NaF-228O8FzApv6G-y-UY8bFT9c_t4GuRbzUCEwhp0LGeOgQK5CM-09zPXTpiu2A0K4mCIlySwpPjAPuphF0J3skTY6IBoY5ln9l7rXvRhEkWPKQqH2ek2X6EsUyyyaW4CZOWO4cDdrIYgsKYyxHEW5JAH8z5fIHv4RP0PHLqkJQwkbSTzsvVB6i7Pv0zD7uMOk67YTiTjTqp5HHZvPfjluHywojHqDqm8EyVYLjZeB2ItJBIHvJZVFpMpj_5izkOBT93fDD66S6xX-dPqhouAn86ZKUhP41NCVjM0sEOqtfSlZ5WieRBmo85pB-w3XaUFoN2fTSrorAZ0JXAlGJXPQ0R4oUHkJifnGAWy11WZ2BOl8L6jDmR8i6WlMQXI6-pMnsOKI-_1ZURw9_LwcHwYd1GqxuJTLSaTOwEOtlmNy2z7fEIOg9IYc4fSgPRGev4PSL50zoL5raSE_5aRek13U2D95dkZaoHhezN95im98mjA7dN3LUoAZdM5eZsvNsUCyxJS2bNDBmQKW0s4aRi0iWDx1wgC07Gc8i_HNehZ6m1-a3axK-wR_4xoB4uqAyhfHb-GXjaW9b66n6TiszLQcE7eBl_BfchwCnG7nAH_kRUaCyXKClkOsTSV23XX6umnJV3OTWVWkgFaIu-00-E5JYOw0-bhn-IUEDrM7BJs6Z_pX7FSg7MNg5II3MxFwh739CVl_C0duHmsaFAmwS3iTwsuqo50r2Pp7E7Pke94l5lMcPBl1-Th_5kDA4_ZoiIpmH-9R0ZD5-oVd5F3jrcUq-ad_Aajifc46vhUz-DUxXwyZznzXZHP5iTNF7w99L0rQhTN6ucml3K4ZOELGIifIIyu2jn_LDQaOFoTMRtFqbjil98s_W2ph2FW2UlXhsoO6io5IRHi7yNM1W5K-UQ53ie28Efo87bhQbY-P5INLNdLSxFe05Uwwalc27E9daX2LVbIQHYQnz0y9WLtC2uuVJmLLRi1pNht4f0SkI000ns1oo00mRdIAaLdgb-wI_0QR8vvxSJxrYpiQ6n8Mye0YnnGuMk1-MpvNecWSsOcTHFIaQ20fO5E0Xb935th7R8iOG507KYjd6g4FRibQv7LWCpdCaQH7UFLHUq4eU_e3WDbbds41VLI576qJl-XaQjccBkjj8K6ug0oYi5EZHFkPbf-qHrCHPSljS_WM7AcX8h22aQL7mxMoU81JH8CvsOoyuIPZ3RaVwe-k9octfcBirDhYZ5ZbtIcBTBFCqNa61OMkGT2EwwDWfYXBMwFzgSpWPWaqbiLaBnnB8kBwFmXTezOM8LOJtQUfTfEtG6GnOtv_JLYUHA4Wr5C08bFyo7zcC_cUeFnXLZErjyWz_Tv7mhXHDm-8Wh_974Ja9-C2kY3h4bQ_-gn12_nIHNXqfGMIk0EIc2rMq5-wxw9U30iPazpUGWtLtm70vO_Ss6S-i8p_HsZOSLOX2XZduOaksUlKuYSaQHlEf37BiV0VDRIq1wSw3zgvr9al5oAde-5nroLQH1-g6c7lwYZVPnqXCR5spI-jeQzTp3xE_-NsPQ6GTBNBiKg7x5w_lb4KhH3IqZ4WaIcB9DIqyDhhSrbHqRyiu0E8BwIh0H_K-BB1njGNqWe7diP8AyaoiQusaFaM36ztl5fLqW-s1e_73kOudKMHVXsk2Jrc/https://www.amazon.in/gp/aw/d/B0C8ZFXCB6/?_encoding=UTF8&pd_rd_plhdr=t&aaxitk=9780fd88f0cffea545589bb257c49485&hsa_cr_id=0&qid=1774489106&sr=1-1-e0fa1fdd-d857-4087-adda-5bd576b25987&aref=le66zTwtUf&ref_=sbx_s_sparkle_sbtcd_asin_0_bkgd&pd_rd_w=Onv5y&content-id=amzn1.sym.9269eab1-ae85-443b-9ec2-b2fa4ebaad05%3Aamzn1.sym.9269eab1-ae85-443b-9ec2-b2fa4ebaad05&pf_rd_p=9269eab1-ae85-443b-9ec2-b2fa4ebaad05&pf_rd_r=AVDKSGSW34F4DFC731Q4&pd_rd_wg=bblt7&pd_rd_r=16f81a6f-9eb5-42fa-9422-539b0c173a43,B0C8ZFXCB6
Skybags,-71%,2599.0,,,4.2,,https://aax-eu-zaz.amazon.in/x/c/JBJXJfy0i7CHqGlgWTmVbAUAAAGdJ8r3YQoAAAH2AQBvbm9fdHhuX2JpZDEgICBvbm9fdHhuX2ltcDIgICCaigc5/clv1c_ek-wBPf3Vcba3jI2mAX3I_BwCrM5kGj0MPSX7we1NaF-228O8FzApv6G-y-UY8bFT9c_t4GuRbzUCEwhp0LGeOgQK5CM-09zPXTpiu2A0K4mCIlySwpPjAPuphF0J3skTY6IBoY5ln9l7rXvRhEkWPKQqH2ek2X6EsUyyyaW4CZOWO4cDdrIYgsKYyxHEW5JAH8z5fIHv4RP0PHLqkJQwkbSTzsvVB6i7Pv0zD7uMOk67YTiTjTqp5HHZvPfjluHywojHqDqm8EyVYLjZeB2ItJBIHvJZVFpMpj_5izkOBT93fDD66S6xX-dPqhouAn86ZKUhP41NCVjM0sEOqtfSlZ5WieRBmo85pB-w3XaUFoN2fTSrorAZ0JXAlGJXPQ0R4oUHkJifnGAWy11WZ2BOl8L6jDmR8i6WlMQXI6-pMnsOKI-_1ZURw9_LwcHwYd1GqxuJTLSaTOwEOtlmNy2z7fEIOg9IYc4fSgPRGev4PSL50zoL5raSE_5aRek13U2D95dkZaoHhezN95im98mjA7dN3LUoAZdM5eZsvNsUCyxJS2bNDBmQKW0s4aRi0iWDx1wgC07Gc8i_HNehZ6m1-a3axK-wR_4xoB4uqAyhfHb-GXjaW9b66n6TiszLQcE7eBl_BfchwCnG7nAH_kRUaCyXKClkOsTSV23XX6umnJV3OTWVWkgFaIu-00-E5JYOw0-bhn-IUEDrM7BJs6Z_pX7FSg7MNg5II3MxFwh739CVl_C0duHmsaFAmwS3iTwsuqo50r2Pp7E7Pke94l5lMcPBl1-Th_5kDA4_ZoiIpmH-9R0ZD5-oVd5F3jrcUq-ad_Aajifc46vhUz-DUxXwyZznzXZHP5iTNF7w99L0rQhTN6ucml3K4ZOELGIifIIyu2jn_LDQaOFoTMRtFqbjil98s_W2ph2FW2UlXhsoO6io5IRHi7yNM1W5K-UQ53ie28Efo87bhQbY-P5INLNdLSxFe05Uwwalc27E9daX2LVbIQHYQnz0y9WLtC2uuVJmLLRi1pNht4f0SkI000ns1oo00mRdIAaLdgb-wI_0QR8vvxSJxrYpiQ6n8Mye0YnnGuMk1-MpvNecWSsOcTHFIaQ20fO5E0Xb935th7R8iOG507KYjd6g4FRibQv7LWCpdCaQH7UFLHUq4eU_e3WDbbds41VLI576qJl-XaQjccBkjj8K6ug0oYi5EZHFkPbf-qHrCHPSljS_WM7AcX8h22aQL7mxMoU81JH8CvsOoyuIPZ3RaVwe-k9octfcBirDhYZ5ZbtIcBTBFCqNa61OMkGT2EwwDWfYXBMwFzgSpWPWaqbiLaBnnB8kBwFmXTezOM8LOJtQUfTfEtG6GnOtv_JLYUHA4Wr5C08bFyo7zcC_cUeFnXLZErjyWz_Tv7mhXHDm-8Wh_974Ja9-C2kY3h4bQ_-gn12_nIHNXqfGMIk0EIc2rMq5-wxw9U30iPazpUGWtLtm70vO_Ss6S-i8p_HsZOSLOX2XZduOaksUlKuYSaQHlEf37BiV0VDRIq1wSw3zgvr9al5oAde-5nroLQH1-g6c7lwYZVPnqXCR5spI-jeQzTp3xE_-NsPQ6GTBNBiKg7x5w_lb4KhH3IqZ4WaIcB9DIqyDhhSrbHqRyiu0E8BwIh0H_K-BB1njGNqWe7diP8AyaoiQusaFaM36ztl5fLqW-s1e_73kOudKMHVXsk2Jrc/https://www.amazon.in/gp/aw/d/B0C8ZD8KNP/?_encoding=UTF8&pd_rd_plhdr=t&aaxitk=9780fd88f0cffea545589bb257c49485&hsa_cr_id=0&qid=1774489106&sr=1-2-e0fa1fdd-d857-4087-adda-5bd576b25987&aref=le66zTwtUf&ref_=sbx_s_sparkle_sbtcd_asin_1_bkgd&pd_rd_w=Onv5y&content-id=amzn1.sym.9269eab1-ae85-443b-9ec2-b2fa4ebaad05%3Aamzn1.sym.9269eab1-ae85-443b-9ec2-b2fa4ebaad05&pf_rd_p=9269eab1-ae85-443b-9ec2-b2fa4ebaad05&pf_rd_r=AVDKSGSW34F4DFC731Q4&pd_rd_wg=bblt7&pd_rd_r=16f81a6f-9eb5-42fa-9422-539b0c173a43,B0C8ZD8KNP
Skybags,-67%,3649.0,,,4.2,,https://aax-eu-zaz.amazon.in/x/c/JBJXJfy0i7CHqGlgWTmVbAUAAAGdJ8r3YQoAAAH2AQBvbm9fdHhuX2JpZDEgICBvbm9fdHhuX2ltcDIgICCaigc5/clv1c_ek-wBPf3Vcba3jI2mAX3I_BwCrM5kGj0MPSX7we1NaF-228O8FzApv6G-y-UY8bFT9c_t4GuRbzUCEwhp0LGeOgQK5CM-09zPXTpiu2A0K4mCIlySwpPjAPuphF0J3skTY6IBoY5ln9l7rXvRhEkWPKQqH2ek2X6EsUyyyaW4CZOWO4cDdrIYgsKYyxHEW5JAH8z5fIHv4RP0PHLqkJQwkbSTzsvVB6i7Pv0zD7uMOk67YTiTjTqp5HHZvPfjluHywojHqDqm8EyVYLjZeB2ItJBIHvJZVFpMpj_5izkOBT93fDD66S6xX-dPqhouAn86ZKUhP41NCVjM0sEOqtfSlZ5WieRBmo85pB-w3XaUFoN2fTSrorAZ0JXAlGJXPQ0R4oUHkJifnGAWy11WZ2BOl8L6jDmR8i6WlMQXI6-pMnsOKI-_1ZURw9_LwcHwYd1GqxuJTLSaTOwEOtlmNy2z7fEIOg9IYc4fSgPRGev4PSL50zoL5raSE_5aRek13U2D95dkZaoHhezN95im98mjA7dN3LUoAZdM5eZsvNsUCyxJS2bNDBmQKW0s4aRi0iWDx1wgC07Gc8i_HNehZ6m1-a3axK-wR_4xoB4uqAyhfHb-GXjaW9b66n6TiszLQcE7eBl_BfchwCnG7nAH_kRUaCyXKClkOsTSV23XX6umnJV3OTWVWkgFaIu-00-E5JYOw0-bhn-IUEDrM7BJs6Z_pX7FSg7MNg5II3MxFwh739CVl_C0duHmsaFAmwS3iTwsuqo50r2Pp7E7Pke94l5lMcPBl1-Th_5kDA4_ZoiIpmH-9R0ZD5-oVd5F3jrcUq-ad_Aajifc46vhUz-DUxXwyZznzXZHP5iTNF7w99L0rQhTN6ucml3K4ZOELGIifIIyu2jn_LDQaOFoTMRtFqbjil98s_W2ph2FW2UlXhsoO6io5IRHi7yNM1W5K-UQ53ie28Efo87bhQbY-P5INLNdLSxFe05Uwwalc27E9daX2LVbIQHYQnz0y9WLtC2uuVJmLLRi1pNht4f0SkI000ns1oo00mRdIAaLdgb-wI_0QR8vvxSJxrYpiQ6n8Mye0YnnGuMk1-MpvNecWSsOcTHFIaQ20fO5E0Xb935th7R8iOG507KYjd6g4FRibQv7LWCpdCaQH7UFLHUq4eU_e3WDbbds41VLI576qJl-XaQjccBkjj8K6ug0oYi5EZHFkPbf-qHrCHPSljS_WM7AcX8h22aQL7mxMoU81JH8CvsOoyuIPZ3RaVwe-k9octfcBirDhYZ5ZbtIcBTBFCqNa61OMkGT2EwwDWfYXBMwFzgSpWPWaqbiLaBnnB8kBwFmXTezOM8LOJtQUfTfEtG6GnOtv_JLYUHA4Wr5C08bFyo7zcC_cUeFnXLZErjyWz_Tv7mhXHDm-8Wh_974Ja9-C2kY3h4bQ_-gn12_nIHNXqfGMIk0EIc2rMq5-wxw9U30iPazpUGWtLtm70vO_Ss6S-i8p_HsZOSLOX2XZduOaksUlKuYSaQHlEf37BiV0VDRIq1wSw3zgvr9al5oAde-5nroLQH1-g6c7lwYZVPnqXCR5spI-jeQzTp3xE_-NsPQ6GTBNBiKg7x5w_lb4KhH3IqZ4WaIcB9DIqyDhhSrbHqRyiu0E8BwIh0H_K-BB1njGNqWe7diP8AyaoiQusaFaM36ztl5fLqW-s1e_73kOudKMHVXsk2Jrc/https://www.amazon.in/gp/aw/d/B0C8ZF42YV/?_encoding=UTF8&pd_rd_plhdr=t&aaxitk=9780fd88f0cffea545589bb257c49485&hsa_cr_id=0&qid=1774489106&sr=1-3-e0fa1fdd-d857-4087-adda-5bd576b25987&aref=le66zTwtUf&ref_=sbx_s_sparkle_sbtcd_asin_2_bkgd&pd_rd_w=Onv5y&content-id=amzn1.sym.9269eab1-ae85-443b-9ec2-b2fa4ebaad05%3Aamzn1.sym.9269eab1-ae85-443b-9ec2-b2fa4ebaad05&pf_rd_p=9269eab1-ae85-443b-9ec2-b2fa4ebaad05&pf_rd_r=AVDKSGSW34F4DFC731Q4&pd_rd_wg=bblt7&pd_rd_r=16f81a6f-9eb5-42fa-9422-539b0c173a43,B0C8ZF42YV
Skybags,Safari,4999.0,27997.0,82.0,4.1,5,https://www.amazon.in/sspa/click?ie=UTF8&spc=MTo4ODMwMTM1MDQ4MTM5NDgzOjE3NzQ0ODkxMDY6c3BfYXRmOjMwMDczNDMwNzAyMzQzMjo6MDo6&url=%2FSafari-Polypropylene-Wheeling-Suitcase-Flintstone%2Fdp%2FB0FLYGLKYQ%2Fref%3Dsr_1_1_sspa%3Fdib%3DeyJ2IjoiMSJ9.XzVehHMTCz2kvErcl1o2G8-DnjW-rg3x9vMIyMMcdaIE31u7HwWCJAHlimkU-aIxFykcD7_TUPeYrzfVAztzu0AyjQv3MF6fKAj7tJcjZ59ZI8Yi9Cz9DJmHsaxJ_7TwO3O6E0IVCsclksshiS8W86aGLp2Jfjds3XA1g7yCQLf7YMzZaNVNQUz-9ao-o05DMr0hlWHOTzXbs2tQOJX7lDZ3ijdJdi0w7AoFGKR2Vyzu20gcsRocA-L-APjcqa3xQssL-ZmyW3639MVbIPVsbhxCx-_nC54MlvZJN5VOX2c.T79RiZlfHEBjq7Zdh69Bddmj2p0rnbtunNNCSssO3fA%26dib_tag%3Dse%26keywords%3DSkybags%2Bluggage%26qid%3D1774489106%26sr%3D8-1-spons%26aref%3DTEB7t7Z79J%26sp_csd%3Dd2lkZ2V0TmFtZT1zcF9hdGY%26psc%3D1&aref=TEB7t7Z79J&sp_cr=ZAZ,B0FLYGLKYQ
Skybags,Skybags,2749.0,7790.0,65.0,4.2,18,https://www.amazon.in/sspa/click?ie=UTF8&spc=MTo4ODMwMTM1MDQ4MTM5NDgzOjE3NzQ0ODkxMDY6c3BfYXRmOjMwMDE1NzM3NjAwMjYzMjo6MDo6&url=%2FSkybags-Rubik-Polyester-Softsided-Luggage%2Fdp%2FB07Z9WGXZD%2Fref%3Dsr_1_2_sspa%3Fdib%3DeyJ2IjoiMSJ9.XzVehHMTCz2kvErcl1o2G8-DnjW-rg3x9vMIyMMcdaIE31u7HwWCJAHlimkU-aIxFykcD7_TUPeYrzfVAztzu0AyjQv3MF6fKAj7tJcjZ59ZI8Yi9Cz9DJmHsaxJ_7TwO3O6E0IVCsclksshiS8W86aGLp2Jfjds3XA1g7yCQLf7YMzZaNVNQUz-9ao-o05DMr0hlWHOTzXbs2tQOJX7lDZ3ijdJdi0w7AoFGKR2Vyzu20gcsRocA-L-APjcqa3xQssL-ZmyW3639MVbIPVsbhxCx-_nC54MlvZJN5VOX2c.T79RiZlfHEBjq7Zdh69Bddmj2p0rnbtunNNCSssO3fA%26dib_tag%3Dse%26keywords%3DSkybags%2Bluggage%26qid%3D1774489106%26sr%3D8-2-spons%26aref%3Dby1WAF8zDX%26sp_csd%3Dd2lkZ2V0TmFtZT1zcF9hdGY%26psc%3D1&aref=by1WAF8zDX&sp_cr=ZAZ,B07Z9WGXZD
Skybags,Urban Jungle,5895.0,7865.0,25.0,4.3,399,https://www.amazon.in/sspa/click?ie=UTF8&spc=MTo4ODMwMTM1MDQ4MTM5NDgzOjE3NzQ0ODkxMDY6c3BfYXRmOjMwMDc5MDEzODIwNDIzMjo6MDo6&url=%2FUrban-Jungle-Hardside-Polycarbonate-Travelling%2Fdp%2FB0D7981Z36%2Fref%3Dsr_1_3_sspa%3Fdib%3DeyJ2IjoiMSJ9.XzVehHMTCz2kvErcl1o2G8-DnjW-rg3x9vMIyMMcdaIE31u7HwWCJAHlimkU-aIxFykcD7_TUPeYrzfVAztzu0AyjQv3MF6fKAj7tJcjZ59ZI8Yi9Cz9DJmHsaxJ_7TwO3O6E0IVCsclksshiS8W86aGLp2Jfjds3XA1g7yCQLf7YMzZaNVNQUz-9ao-o05DMr0hlWHOTzXbs2tQOJX7lDZ3ijdJdi0w7AoFGKR2Vyzu20gcsRocA-L-APjcqa3xQssL-ZmyW3639MVbIPVsbhxCx-_nC54MlvZJN5VOX2c.T79RiZlfHEBjq7Zdh69Bddmj2p0rnbtunNNCSssO3fA%26dib_tag%3Dse%26keywords%3DSkybags%2Bluggage%26qid%3D1774489106%26sr%3D8-3-spons%26aref%3DNTieyR35L7%26sp_csd%3Dd2lkZ2V0TmFtZT1zcF9hdGY%26psc%3D1&aref=NTieyR35L7&sp_cr=ZAZ,B0D7981Z36
Skybags,Safari,3599.0,15999.0,78.0,4.0,15,https://www.amazon.in/sspa/click?ie=UTF8&spc=MTo4ODMwMTM1MDQ4MTM5NDgzOjE3NzQ0ODkxMDY6c3BfYXRmOjMwMDUyNTUwMzgxOTMzMjo6MDo6&url=%2FSafari-Polycarbonate-Organized-Interior-Suitcase%2Fdp%2FB097B4JTKH%2Fref%3Dsr_1_4_sspa%3Fdib%3DeyJ2IjoiMSJ9.XzVehHMTCz2kvErcl1o2G8-DnjW-rg3x9vMIyMMcdaIE31u7HwWCJAHlimkU-aIxFykcD7_TUPeYrzfVAztzu0AyjQv3MF6fKAj7tJcjZ59ZI8Yi9Cz9DJmHsaxJ_7TwO3O6E0IVCsclksshiS8W86aGLp2Jfjds3XA1g7yCQLf7YMzZaNVNQUz-9ao-o05DMr0hlWHOTzXbs2tQOJX7lDZ3ijdJdi0w7AoFGKR2Vyzu20gcsRocA-L-APjcqa3xQssL-ZmyW3639MVbIPVsbhxCx-_nC54MlvZJN5VOX2c.T79RiZlfHEBjq7Zdh69Bddmj2p0rnbtunNNCSssO3fA%26dib_tag%3Dse%26keywords%3DSkybags%2Bluggage%26qid%3D1774489106%26sr%3D8-4-spons%26aref%3Dbc21KKV8Zo%26sp_csd%3Dd2lkZ2V0TmFtZT1zcF9hdGY%26psc%3D1&aref=bc21KKV8Zo&sp_cr=ZAZ,B097B4JTKH
Skybags,Skybags,3099.0,9050.0,66.0,4.2,18,https://www.amazon.in/Skybags-Polyester-Softsided-Luggage-STRUB78EBLU/dp/B07HCRSLFY/ref=sr_1_5?dib=eyJ2IjoiMSJ9.XzVehHMTCz2kvErcl1o2G8-DnjW-rg3x9vMIyMMcdaIE31u7HwWCJAHlimkU-aIxFykcD7_TUPeYrzfVAztzu0AyjQv3MF6fKAj7tJcjZ59ZI8Yi9Cz9DJmHsaxJ_7TwO3O6E0IVCsclksshiS8W86aGLp2Jfjds3XA1g7yCQLf7YMzZaNVNQUz-9ao-o05DMr0hlWHOTzXbs2tQOJX7lDZ3ijdJdi0w7AoFGKR2Vyzu20gcsRocA-L-APjcqa3xQssL-ZmyW3639MVbIPVsbhxCx-_nC54MlvZJN5VOX2c.T79RiZlfHEBjq7Zdh69Bddmj2p0rnbtunNNCSssO3fA&dib_tag=se&keywords=Skybags+luggage&qid=1774489106&sr=8-5,B07HCRSLFY
Skybags,Skybags,2599.0,9100.0,71.0,4.2,21,https://www.amazon.in/Skybags-Trooper-Luggage-Resetable-Combination/dp/B0C8ZD8KNP/ref=sr_1_6?dib=eyJ2IjoiMSJ9.XzVehHMTCz2kvErcl1o2G8-DnjW-rg3x9vMIyMMcdaIE31u7HwWCJAHlimkU-aIxFykcD7_TUPeYrzfVAztzu0AyjQv3MF6fKAj7tJcjZ59ZI8Yi9Cz9DJmHsaxJ_7TwO3O6E0IVCsclksshiS8W86aGLp2Jfjds3XA1g7yCQLf7YMzZaNVNQUz-9ao-o05DMr0hlWHOTzXbs2tQOJX7lDZ3ijdJdi0w7AoFGKR2Vyzu20gcsRocA-L-APjcqa3xQssL-ZmyW3639MVbIPVsbhxCx-_nC54MlvZJN5VOX2c.T79RiZlfHEBjq7Zdh69Bddmj2p0rnbtunNNCSssO3fA&dib_tag=se&keywords=Skybags+luggage&qid=1774489106&sr=8-6,B0C8ZD8KNP
Skybags,Skybags,2199.0,6450.0,66.0,4.2,2,https://www.amazon.in/Skybags-Luggage-Printed-Trolley-Combination/dp/B0C8ZNNCQW/ref=sr_1_7?dib=eyJ2IjoiMSJ9.XzVehHMTCz2kvErcl1o2G8-DnjW-rg3x9vMIyMMcdaIE31u7HwWCJAHlimkU-aIxFykcD7_TUPeYrzfVAztzu0AyjQv3MF6fKAj7tJcjZ59ZI8Yi9Cz9DJmHsaxJ_7TwO3O6E0IVCsclksshiS8W86aGLp2Jfjds3XA1g7yCQLf7YMzZaNVNQUz-9ao-o05DMr0hlWHOTzXbs2tQOJX7lDZ3ijdJdi0w7AoFGKR2Vyzu20gcsRocA-L-APjcqa3xQssL-ZmyW3639MVbIPVsbhxCx-_nC54MlvZJN5VOX2c.T79RiZlfHEBjq7Zdh69Bddmj2p0rnbtunNNCSssO3fA&dib_tag=se&keywords=Skybags+luggage&qid=1774489106&sr=8-7,B0C8ZNNCQW
VIP,"Safari Cabin Pentagon Pro 8 Wheels 55Cm Trolley Bag Hard Case Polypropylene, 360º Wheeling Carry on Luggage for Men & Women, Suitcase for Travel, Navy",1869.0,,,4.2,,https://aax-eu-zaz.amazon.in/x/c/JN3du8RXmjWcgDMFPEsNtzEAAAGdJ87MgAoAAAH2AQBvbm9fdHhuX2JpZDEgICBvbm9fdHhuX2ltcDEgICDpV_YK/clv1c_ek-wBPHXbcbW3kaJGZWIyd59BH4Gt3Ax_ogsJL382AE_l-f22LYqmZtNaFg4zGV23_KLrA4WooH5EXkSmE_zeNIIrF6gOXp137ogRwXXnsRVB6EBGngGLVjrwM00Z_AzgopvJSGySksGhWmgXWwJyZpIocd8VtXtkPTm60eaTcQYVnYbSlZQXzrn1OdsvpKm1EYBed6Nz8cJUebLtHoQIifSTzuvVB-jhlcAOyQ1qRI67YTigGaGzV57_pCRSN2KhJJOfI6IW8EqgXg0NxR7HA1pfLLsHgx3nG5SVRZozkmmzAA1jCYhnH0rnmV0a6e2xM8gmkChgzvDaeiG8FZ6Kd6x0EaMZ46_5peHw3naUFoN3ffCThd1g_DG2MjxB0FHrap9payGfa4yTc0jUsGh8n12riK-UnPcEOVln_vWy70Ynk7yb1EUxoYCHWdr3H7BA3rnPvf6tbX5MuQ8dmSOHmS37AvXNJGxBRDhZ6jXXRqGBT4RDlJxaTI_ZhPYFVlDyh3-TqD8v40j5wWFPCSlb1l2OODPO7gwLVB19RxZub8LLnaWlFJ5qsfNaGp_DabHMDgwnpbwdNUb_fcb3cAX-Dpy-sq3r_Qr5NVs9MMNHbiS8T37iyhXdJsNGn3sgwI9TWUrkT5l7Ky7K4DhMZfyij-hEY7k5PcIm4ZRU7al-cn6mRB7ndvUJV7e0VAhkwIA2PlXxTp-52iaTEngJvqZf_Qx1mq7ePllTqK9lJZ0qF4Uy6VeMYHPKcjghlJ_4qnpgigW1NEoBWjhUlCN3sgh8UwNe_bXPa08kbs6-boWHeqZ9yR0Yn6FOMXZtQx1SgKV1_uLfMVG-gJQR5d_uOiZqU141dytz1wYAdZcxu1yZEfkcrZBjhOfSJcwl2FB5lMqv4Lb5nMovROBLWsUWEjWTSzxLdUI0xpCyCgs9aimC2jPP3Kz6j2MQKTIyfqmU6TCWdin8wjoSpvzpmyJ1piTGxGBBArX-5xjs98BAaHKa5rdQahmx1IXZmzMM0tawfwIv8o8mPyon_RxsJUQABG1QE1M1YspFhuqTj43lk8-Kmkjhk1UqK8czvOx0EnTGJnOJvVW5ztPqrYs4Tp4rXh2KIIk6o-3yBzJE6S9bH2wmgFmVL5o4Yn9UzbHRecSko0ucD7U5xu5vPlu5X9dO8Gx9H5MRjs0O15V--Bp8aOV1FfR3-31b_9Wx7x42KCWtHQg7yBe8GMTsRENtTJ673SJIRei14CiCMLM9KZDHYY1wUHIU619IvI7gZfmNjCzOREWEC49kaCpeOWTOnuBAgkDJz_NQ8rGln8qBX62lK4rFUvoQ2kiJfkQaPsppj6te5qWYv-1KX-UC-d5X7AlDKEsl4JyUOBTT5KGDBq5DjWnS_PsXuSfnfROZN-cyS9kIuz7VdD5GwQfV0zzlGhDeAp4iGTHW1yZe8eU_gBjpBoAuAxv8S7HicVFuAIxuWN-jcYGfqibLrKDx2ij92inu8EXnXugsQrBxvtldFEzTp6O7FPigxFmqHWvLZYvh3L1lNANG9PXcT2yzLhZxHlv1UIiTwHRpAMVDZkw5t3uyWMPZcQvVhmTWqHy-j1WJGzLkSr8YZROC4GN4cQC5_h7KWeZIjzQcPClF2foncGAMZEqGK7lWYbpRoY9ZZXnjghiGCa6Dd8WynFXUvIBPIqhoKDlb3xMP7_6stkfStXELenL/https://www.amazon.in/gp/aw/d/B097BG6DX1/?_encoding=UTF8&pd_rd_plhdr=t&aaxitk=471a08d4c42cbe16dbf358762716b791&hsa_cr_id=0&qid=1774489357&sr=1-1-e0fa1fdd-d857-4087-adda-5bd576b25987&aref=RIoglrS7x7&ref_=sbx_s_sparkle_sbtcd_asin_0_bkgd&pd_rd_w=ALnPU&content-id=amzn1.sym.9269eab1-ae85-443b-9ec2-b2fa4ebaad05%3Aamzn1.sym.9269eab1-ae85-443b-9ec2-b2fa4ebaad05&pf_rd_p=9269eab1-ae85-443b-9ec2-b2fa4ebaad05&pf_rd_r=FJ79MY4RG2QQZW4D3V8E&pd_rd_wg=WwRMl&pd_rd_r=d50897fe-eb26-4147-b1b8-3ccf68570530,B097BG6DX1
VIP,"Safari Cabin Polycarbonate Spinner Thorium Neo 8 Wheels 55Cm Size Trolley Bag, Hard Case, 360º Wheeling Carry-On Luggage for Men & Women, Travel Bag, Suitcase for Travel, Dusk Green",2099.0,,,4.0,,https://aax-eu-zaz.amazon.in/x/c/JN3du8RXmjWcgDMFPEsNtzEAAAGdJ87MgAoAAAH2AQBvbm9fdHhuX2JpZDEgICBvbm9fdHhuX2ltcDEgICDpV_YK/clv1c_ek-wBPHXbcbW3kaJGZWIyd59BH4Gt3Ax_ogsJL382AE_l-f22LYqmZtNaFg4zGV23_KLrA4WooH5EXkSmE_zeNIIrF6gOXp137ogRwXXnsRVB6EBGngGLVjrwM00Z_AzgopvJSGySksGhWmgXWwJyZpIocd8VtXtkPTm60eaTcQYVnYbSlZQXzrn1OdsvpKm1EYBed6Nz8cJUebLtHoQIifSTzuvVB-jhlcAOyQ1qRI67YTigGaGzV57_pCRSN2KhJJOfI6IW8EqgXg0NxR7HA1pfLLsHgx3nG5SVRZozkmmzAA1jCYhnH0rnmV0a6e2xM8gmkChgzvDaeiG8FZ6Kd6x0EaMZ46_5peHw3naUFoN3ffCThd1g_DG2MjxB0FHrap9payGfa4yTc0jUsGh8n12riK-UnPcEOVln_vWy70Ynk7yb1EUxoYCHWdr3H7BA3rnPvf6tbX5MuQ8dmSOHmS37AvXNJGxBRDhZ6jXXRqGBT4RDlJxaTI_ZhPYFVlDyh3-TqD8v40j5wWFPCSlb1l2OODPO7gwLVB19RxZub8LLnaWlFJ5qsfNaGp_DabHMDgwnpbwdNUb_fcb3cAX-Dpy-sq3r_Qr5NVs9MMNHbiS8T37iyhXdJsNGn3sgwI9TWUrkT5l7Ky7K4DhMZfyij-hEY7k5PcIm4ZRU7al-cn6mRB7ndvUJV7e0VAhkwIA2PlXxTp-52iaTEngJvqZf_Qx1mq7ePllTqK9lJZ0qF4Uy6VeMYHPKcjghlJ_4qnpgigW1NEoBWjhUlCN3sgh8UwNe_bXPa08kbs6-boWHeqZ9yR0Yn6FOMXZtQx1SgKV1_uLfMVG-gJQR5d_uOiZqU141dytz1wYAdZcxu1yZEfkcrZBjhOfSJcwl2FB5lMqv4Lb5nMovROBLWsUWEjWTSzxLdUI0xpCyCgs9aimC2jPP3Kz6j2MQKTIyfqmU6TCWdin8wjoSpvzpmyJ1piTGxGBBArX-5xjs98BAaHKa5rdQahmx1IXZmzMM0tawfwIv8o8mPyon_RxsJUQABG1QE1M1YspFhuqTj43lk8-Kmkjhk1UqK8czvOx0EnTGJnOJvVW5ztPqrYs4Tp4rXh2KIIk6o-3yBzJE6S9bH2wmgFmVL5o4Yn9UzbHRecSko0ucD7U5xu5vPlu5X9dO8Gx9H5MRjs0O15V--Bp8aOV1FfR3-31b_9Wx7x42KCWtHQg7yBe8GMTsRENtTJ673SJIRei14CiCMLM9KZDHYY1wUHIU619IvI7gZfmNjCzOREWEC49kaCpeOWTOnuBAgkDJz_NQ8rGln8qBX62lK4rFUvoQ2kiJfkQaPsppj6te5qWYv-1KX-UC-d5X7AlDKEsl4JyUOBTT5KGDBq5DjWnS_PsXuSfnfROZN-cyS9kIuz7VdD5GwQfV0zzlGhDeAp4iGTHW1yZe8eU_gBjpBoAuAxv8S7HicVFuAIxuWN-jcYGfqibLrKDx2ij92inu8EXnXugsQrBxvtldFEzTp6O7FPigxFmqHWvLZYvh3L1lNANG9PXcT2yzLhZxHlv1UIiTwHRpAMVDZkw5t3uyWMPZcQvVhmTWqHy-j1WJGzLkSr8YZROC4GN4cQC5_h7KWeZIjzQcPClF2foncGAMZEqGK7lWYbpRoY9ZZXnjghiGCa6Dd8WynFXUvIBPIqhoKDlb3xMP7_6stkfStXELenL/https://www.amazon.in/gp/aw/d/B097BH9MD5/?_encoding=UTF8&pd_rd_plhdr=t&aaxitk=471a08d4c42cbe16dbf358762716b791&hsa_cr_id=0&qid=1774489357&sr=1-2-e0fa1fdd-d857-4087-adda-5bd576b25987&aref=RIoglrS7x7&ref_=sbx_s_sparkle_sbtcd_asin_1_bkgd&pd_rd_w=ALnPU&content-id=amzn1.sym.9269eab1-ae85-443b-9ec2-b2fa4ebaad05%3Aamzn1.sym.9269eab1-ae85-443b-9ec2-b2fa4ebaad05&pf_rd_p=9269eab1-ae85-443b-9ec2-b2fa4ebaad05&pf_rd_r=FJ79MY4RG2QQZW4D3V8E&pd_rd_wg=WwRMl&pd_rd_r=d50897fe-eb26-4147-b1b8-3ccf68570530,B097BH9MD5
VIP,"Safari Cabin Crescent 8 Wheels 56cm Small Trolley Bag Hard Case Polycarbonate 360 Degree Wheeling System Luggage, Travel Bag, Suitcase for Travel, Trolley Bags for Travel, Thyme Green",2099.0,,,4.1,,https://aax-eu-zaz.amazon.in/x/c/JN3du8RXmjWcgDMFPEsNtzEAAAGdJ87MgAoAAAH2AQBvbm9fdHhuX2JpZDEgICBvbm9fdHhuX2ltcDEgICDpV_YK/clv1c_ek-wBPHXbcbW3kaJGZWIyd59BH4Gt3Ax_ogsJL382AE_l-f22LYqmZtNaFg4zGV23_KLrA4WooH5EXkSmE_zeNIIrF6gOXp137ogRwXXnsRVB6EBGngGLVjrwM00Z_AzgopvJSGySksGhWmgXWwJyZpIocd8VtXtkPTm60eaTcQYVnYbSlZQXzrn1OdsvpKm1EYBed6Nz8cJUebLtHoQIifSTzuvVB-jhlcAOyQ1qRI67YTigGaGzV57_pCRSN2KhJJOfI6IW8EqgXg0NxR7HA1pfLLsHgx3nG5SVRZozkmmzAA1jCYhnH0rnmV0a6e2xM8gmkChgzvDaeiG8FZ6Kd6x0EaMZ46_5peHw3naUFoN3ffCThd1g_DG2MjxB0FHrap9payGfa4yTc0jUsGh8n12riK-UnPcEOVln_vWy70Ynk7yb1EUxoYCHWdr3H7BA3rnPvf6tbX5MuQ8dmSOHmS37AvXNJGxBRDhZ6jXXRqGBT4RDlJxaTI_ZhPYFVlDyh3-TqD8v40j5wWFPCSlb1l2OODPO7gwLVB19RxZub8LLnaWlFJ5qsfNaGp_DabHMDgwnpbwdNUb_fcb3cAX-Dpy-sq3r_Qr5NVs9MMNHbiS8T37iyhXdJsNGn3sgwI9TWUrkT5l7Ky7K4DhMZfyij-hEY7k5PcIm4ZRU7al-cn6mRB7ndvUJV7e0VAhkwIA2PlXxTp-52iaTEngJvqZf_Qx1mq7ePllTqK9lJZ0qF4Uy6VeMYHPKcjghlJ_4qnpgigW1NEoBWjhUlCN3sgh8UwNe_bXPa08kbs6-boWHeqZ9yR0Yn6FOMXZtQx1SgKV1_uLfMVG-gJQR5d_uOiZqU141dytz1wYAdZcxu1yZEfkcrZBjhOfSJcwl2FB5lMqv4Lb5nMovROBLWsUWEjWTSzxLdUI0xpCyCgs9aimC2jPP3Kz6j2MQKTIyfqmU6TCWdin8wjoSpvzpmyJ1piTGxGBBArX-5xjs98BAaHKa5rdQahmx1IXZmzMM0tawfwIv8o8mPyon_RxsJUQABG1QE1M1YspFhuqTj43lk8-Kmkjhk1UqK8czvOx0EnTGJnOJvVW5ztPqrYs4Tp4rXh2KIIk6o-3yBzJE6S9bH2wmgFmVL5o4Yn9UzbHRecSko0ucD7U5xu5vPlu5X9dO8Gx9H5MRjs0O15V--Bp8aOV1FfR3-31b_9Wx7x42KCWtHQg7yBe8GMTsRENtTJ673SJIRei14CiCMLM9KZDHYY1wUHIU619IvI7gZfmNjCzOREWEC49kaCpeOWTOnuBAgkDJz_NQ8rGln8qBX62lK4rFUvoQ2kiJfkQaPsppj6te5qWYv-1KX-UC-d5X7AlDKEsl4JyUOBTT5KGDBq5DjWnS_PsXuSfnfROZN-cyS9kIuz7VdD5GwQfV0zzlGhDeAp4iGTHW1yZe8eU_gBjpBoAuAxv8S7HicVFuAIxuWN-jcYGfqibLrKDx2ij92inu8EXnXugsQrBxvtldFEzTp6O7FPigxFmqHWvLZYvh3L1lNANG9PXcT2yzLhZxHlv1UIiTwHRpAMVDZkw5t3uyWMPZcQvVhmTWqHy-j1WJGzLkSr8YZROC4GN4cQC5_h7KWeZIjzQcPClF2foncGAMZEqGK7lWYbpRoY9ZZXnjghiGCa6Dd8WynFXUvIBPIqhoKDlb3xMP7_6stkfStXELenL/https://www.amazon.in/gp/aw/d/B097JM2KRC/?_encoding=UTF8&pd_rd_plhdr=t&aaxitk=471a08d4c42cbe16dbf358762716b791&hsa_cr_id=0&qid=1774489357&sr=1-3-e0fa1fdd-d857-4087-adda-5bd576b25987&aref=RIoglrS7x7&ref_=sbx_s_sparkle_sbtcd_asin_2_bkgd&pd_rd_w=ALnPU&content-id=amzn1.sym.9269eab1-ae85-443b-9ec2-b2fa4ebaad05%3Aamzn1.sym.9269eab1-ae85-443b-9ec2-b2fa4ebaad05&pf_rd_p=9269eab1-ae85-443b-9ec2-b2fa4ebaad05&pf_rd_r=FJ79MY4RG2QQZW4D3V8E&pd_rd_wg=WwRMl&pd_rd_r=d50897fe-eb26-4147-b1b8-3ccf68570530,B097JM2KRC
VIP,Safari,3499.0,15998.0,78.0,4.1,5,https://www.amazon.in/sspa/click?ie=UTF8&spc=MTozNTUxOTE5Nzg5OTAzMzY5OjE3NzQ0ODkzNTc6c3BfYXRmOjMwMDczNDMwNzAyMzUzMjo6MDo6&url=%2FSafari-Trolley-Polypropylene-Wheeling-Suitcase%2Fdp%2FB0FLYJD912%2Fref%3Dsr_1_1_sspa%3Fdib%3DeyJ2IjoiMSJ9.qVEFJ_fAgHfmx-KfG06WJPZUkAkdsFYgbYJ7TnjfpMpt8KDe-X2PxT3Na4za3hVQwJXDAnYKmccT_pcsToIzMDXSmgwIdOvbyktCz6W6AgoExeynySUB_uRrfBlakKieJWgPU6SHvyj_j88YYlbEMT6s5bWTPlouYrA5qhRQlJIbrW939ONQyGg7u2GCJA9pcckt1zRWwz8-eKzX1FJ0jLfK5oyjmjEVA6QRwAs-aSSLGOvUMO4OkNxH24AYrW9shlXdOY2YWU26ng7VJvL91LihOpD7pFaXIn7WD8-ukcQ.WvjsNX_6k0BcCnodGuDDYMnl9LJbBIxM0VQ6pezENWI%26dib_tag%3Dse%26keywords%3DVIP%2Bluggage%26qid%3D1774489357%26sr%3D8-1-spons%26aref%3DFioBN7ZrOd%26sp_csd%3Dd2lkZ2V0TmFtZT1zcF9hdGY%26psc%3D1&aref=FioBN7ZrOd&sp_cr=ZAZ,B0FLYJD912
VIP,Safari,4599.0,20398.0,77.0,4.1,2,https://www.amazon.in/sspa/click?ie=UTF8&spc=MTozNTUxOTE5Nzg5OTAzMzY5OjE3NzQ0ODkzNTc6c3BfYXRmOjMwMDU4MTI1Nzg5OTEzMjo6MDo6&url=%2FSafari-Crescent-Polycarbonate-Wheeling-Suitcase%2Fdp%2FB097JM13HJ%2Fref%3Dsr_1_2_sspa%3Fdib%3DeyJ2IjoiMSJ9.qVEFJ_fAgHfmx-KfG06WJPZUkAkdsFYgbYJ7TnjfpMpt8KDe-X2PxT3Na4za3hVQwJXDAnYKmccT_pcsToIzMDXSmgwIdOvbyktCz6W6AgoExeynySUB_uRrfBlakKieJWgPU6SHvyj_j88YYlbEMT6s5bWTPlouYrA5qhRQlJIbrW939ONQyGg7u2GCJA9pcckt1zRWwz8-eKzX1FJ0jLfK5oyjmjEVA6QRwAs-aSSLGOvUMO4OkNxH24AYrW9shlXdOY2YWU26ng7VJvL91LihOpD7pFaXIn7WD8-ukcQ.WvjsNX_6k0BcCnodGuDDYMnl9LJbBIxM0VQ6pezENWI%26dib_tag%3Dse%26keywords%3DVIP%2Bluggage%26qid%3D1774489357%26sr%3D8-2-spons%26aref%3DFjB1m3tZtY%26sp_csd%3Dd2lkZ2V0TmFtZT1zcF9hdGY%26psc%3D1&aref=FjB1m3tZtY&sp_cr=ZAZ,B097JM13HJ
VIP,VIP,7700.0,17180.0,55.0,4.4,19,https://www.amazon.in/sspa/click?ie=UTF8&spc=MTozNTUxOTE5Nzg5OTAzMzY5OjE3NzQ0ODkzNTc6c3BfYXRmOjMwMDU2NDA2MzU4ODMzMjo6MDo6&url=%2FVIP-Lexus-Hardside-Spinner-Anti-Theft%2Fdp%2FB0F4K9VLQ8%2Fref%3Dsr_1_3_sspa%3Fdib%3DeyJ2IjoiMSJ9.qVEFJ_fAgHfmx-KfG06WJPZUkAkdsFYgbYJ7TnjfpMpt8KDe-X2PxT3Na4za3hVQwJXDAnYKmccT_pcsToIzMDXSmgwIdOvbyktCz6W6AgoExeynySUB_uRrfBlakKieJWgPU6SHvyj_j88YYlbEMT6s5bWTPlouYrA5qhRQlJIbrW939ONQyGg7u2GCJA9pcckt1zRWwz8-eKzX1FJ0jLfK5oyjmjEVA6QRwAs-aSSLGOvUMO4OkNxH24AYrW9shlXdOY2YWU26ng7VJvL91LihOpD7pFaXIn7WD8-ukcQ.WvjsNX_6k0BcCnodGuDDYMnl9LJbBIxM0VQ6pezENWI%26dib_tag%3Dse%26keywords%3DVIP%2Bluggage%26qid%3D1774489357%26sr%3D8-3-spons%26aref%3DyOSDXSJNoH%26sp_csd%3Dd2lkZ2V0TmFtZT1zcF9hdGY%26psc%3D1&aref=yOSDXSJNoH&sp_cr=ZAZ,B0F4K9VLQ8
VIP,Safari,2099.0,7800.0,73.0,4.0,27,https://www.amazon.in/sspa/click?ie=UTF8&spc=MTozNTUxOTE5Nzg5OTAzMzY5OjE3NzQ0ODkzNTc6c3BfYXRmOjMwMDc1MTYzMjkxNjMzMjo6MDo6&url=%2FSafari-Polycarbonate-Spinner-Wheeling-Suitcase%2Fdp%2FB097BH9MD5%2Fref%3Dsr_1_4_sspa%3Fdib%3DeyJ2IjoiMSJ9.qVEFJ_fAgHfmx-KfG06WJPZUkAkdsFYgbYJ7TnjfpMpt8KDe-X2PxT3Na4za3hVQwJXDAnYKmccT_pcsToIzMDXSmgwIdOvbyktCz6W6AgoExeynySUB_uRrfBlakKieJWgPU6SHvyj_j88YYlbEMT6s5bWTPlouYrA5qhRQlJIbrW939ONQyGg7u2GCJA9pcckt1zRWwz8-eKzX1FJ0jLfK5oyjmjEVA6QRwAs-aSSLGOvUMO4OkNxH24AYrW9shlXdOY2YWU26ng7VJvL91LihOpD7pFaXIn7WD8-ukcQ.WvjsNX_6k0BcCnodGuDDYMnl9LJbBIxM0VQ6pezENWI%26dib_tag%3Dse%26keywords%3DVIP%2Bluggage%26qid%3D1774489357%26sr%3D8-4-spons%26aref%3D5AD7uBNcIV%26sp_csd%3Dd2lkZ2V0TmFtZT1zcF9hdGY%26psc%3D1&aref=5AD7uBNcIV&sp_cr=ZAZ,B097BH9MD5
VIP,Aristocrat,5289.0,25880.0,80.0,4.1,1,https://www.amazon.in/Aristocrat-Suitcase-Combination-Convipack-Warranty/dp/B0FPXMYQZY/ref=sr_1_5?dib=eyJ2IjoiMSJ9.qVEFJ_fAgHfmx-KfG06WJPZUkAkdsFYgbYJ7TnjfpMpt8KDe-X2PxT3Na4za3hVQwJXDAnYKmccT_pcsToIzMDXSmgwIdOvbyktCz6W6AgoExeynySUB_uRrfBlakKieJWgPU6SHvyj_j88YYlbEMT6s5bWTPlouYrA5qhRQlJIbrW939ONQyGg7u2GCJA9pcckt1zRWwz8-eKzX1FJ0jLfK5oyjmjEVA6QRwAs-aSSLGOvUMO4OkNxH24AYrW9shlXdOY2YWU26ng7VJvL91LihOpD7pFaXIn7WD8-ukcQ.WvjsNX_6k0BcCnodGuDDYMnl9LJbBIxM0VQ6pezENWI&dib_tag=se&keywords=VIP+luggage&qid=1774489357&sr=8-5,B0FPXMYQZY
VIP,VIP,5984.0,19998.0,70.0,4.1,50,https://www.amazon.in/Skybags-Printed-Luggage-Trolley-Combination/dp/B0DDLDXT8N/ref=sr_1_6?dib=eyJ2IjoiMSJ9.qVEFJ_fAgHfmx-KfG06WJPZUkAkdsFYgbYJ7TnjfpMpt8KDe-X2PxT3Na4za3hVQwJXDAnYKmccT_pcsToIzMDXSmgwIdOvbyktCz6W6AgoExeynySUB_uRrfBlakKieJWgPU6SHvyj_j88YYlbEMT6s5bWTPlouYrA5qhRQlJIbrW939ONQyGg7u2GCJA9pcckt1zRWwz8-eKzX1FJ0jLfK5oyjmjEVA6QRwAs-aSSLGOvUMO4OkNxH24AYrW9shlXdOY2YWU26ng7VJvL91LihOpD7pFaXIn7WD8-ukcQ.WvjsNX_6k0BcCnodGuDDYMnl9LJbBIxM0VQ6pezENWI&dib_tag=se&keywords=VIP+luggage&qid=1774489357&sr=8-6,B0DDLDXT8N
VIP,VIP,3219.0,14990.0,79.0,3.7,19,https://www.amazon.in/VIP-Unicorn-Polyester-Spinner-Trolleys/dp/B0CBTZP3CL/ref=sr_1_7?dib=eyJ2IjoiMSJ9.qVEFJ_fAgHfmx-KfG06WJPZUkAkdsFYgbYJ7TnjfpMpt8KDe-X2PxT3Na4za3hVQwJXDAnYKmccT_pcsToIzMDXSmgwIdOvbyktCz6W6AgoExeynySUB_uRrfBlakKieJWgPU6SHvyj_j88YYlbEMT6s5bWTPlouYrA5qhRQlJIbrW939ONQyGg7u2GCJA9pcckt1zRWwz8-eKzX1FJ0jLfK5oyjmjEVA6QRwAs-aSSLGOvUMO4OkNxH24AYrW9shlXdOY2YWU26ng7VJvL91LihOpD7pFaXIn7WD8-ukcQ.WvjsNX_6k0BcCnodGuDDYMnl9LJbBIxM0VQ6pezENWI&dib_tag=se&keywords=VIP+luggage&qid=1774489357&sr=8-7,B0CBTZP3CL
